"번호","인제스트 완료시각","촬영/수신일","분류","미디어ID","제목","취재기자","촬영기자","내용","영상길이","메모","등록위치","엠바고","엠바고사유","ING","TRC","CAT","영상구분","리스토어요청자","영상편집","자료정리상태","방송일","외신기사 번역문","외신채널","라이브러리","라이브러리등록요청","KDAS전송","프리뷰노트","속보","사용제한","화질","언어","외신기사ID","소제목","보존만료일","키워드","폴더","바코드ID","사용제한사유","사용제한해제일","인제스트전송(HR) 시작시각","인제스트전송(HR) 종료시각","인제스트전송(LR) 시작시각","수신일시","인제스트전송(LR) 종료시각","라이브러리등록요청자","부조 메인","부조 백업","트랜스코딩시작시각","트랜스코딩종료시각","카탈로깅시작시각","카탈로깅종료시각","부조메인 전송시작시각","부조메인 전송종료시각","부조백업 전송시작시각","부조백업 전송종료시각","KDAS전송시작시간","KDAS전송종료시간","인제스트전송(HR)","인제스트전송(LR)","사용제한설정시각","사용제한설정자","엠바고설정시각","엠바고해제시각","국가명","프로그램명","촬영장소","엠바고설정자","원본영상ID","비디오ID","타이틀이미지파일아이디","비디오FPS","디스크백업시각","외신기사 원문","KDAS등록","자료여부","사용제한사유","사용제한설정시각","사용제한설정자","STT상태",
"  1","2022-08-22 13:31:21","2022-08-22","해외지국","20220822V45599","LA_19시_이영현_K팝 보기위해 사흘간 9만명 다녀가_수신본","","","","00:34:08:01","","LIVE 인제스트","아니오","","성공","성공","성공","원본영상-국제","","","미정리","","","","대기","요청없음","대기","미작성","아니오","아니오","HD","알수없음","","","2022-09-05","","월요일","0","없음","2022-08-22 12:54:52","","","","2022-08-22 12:54:52","","","대기","대기","2022-08-22 13:29:49","2022-08-22 13:31:23","2022-08-22 13:31:30","2022-08-22 13:31:30","","","","","","","대기","대기","","","","","None","","","","15831957","15831958","mamex\mamex","29.97","2022-08-22 12:54:52","","아니오","아니오","","","","대기",
"  2","2022-08-20 08:47:12","2022-08-20","해외지국","20220820V43529","LA_21시_이영현_미 전기차 수요 급증에 전기차 개조 인기_수신본","","","","00:40:55:04","","LIVE 인제스트","아니오","","성공","성공","성공","원본영상-국제","","","정리완료","","","","대기","요청없음","대기","미작성","아니오","아니오","HD","알수없음","","","2022-09-03","","토요일","0","없음","2022-08-20 08:03:56","","","","2022-08-20 08:03:56","","","대기","대기","2022-08-20 08:45:38","2022-08-20 08:47:13","2022-08-20 08:47:18","2022-08-20 08:47:18","","","","","","","대기","대기","","","","","None","","","","15827534","15827535","mamex\mamex","29.97","2022-08-20 08:03:56","","아니오","아니오","","","","대기",
"  3","2022-08-20 04:14:17","2022-08-20","해외지국","20220820V43402","워싱턴_김양순_한국 의복-궁중에서 런웨이까지_수신본","김양순","오범석","-미국 조지워싱턴대학교 텍스타일박물관 -한국의복 전시 스케치 -과거 의복 스케치 -근현대 한복 스케치 -리 탈봇 박물관 큐레이터 인터뷰 -캐서린 자넷 전시물품보존 전문가 인터뷰 -김양순 취재기자 온마이크","00:24:39:20","","LIVE 인제스트","아니오","","성공","성공","성공","원본영상-국제","","","정리완료","","","","대기","요청없음","대기","미작성","아니오","아니오","HD","알수없음","","","2022-09-03","","토요일","0","없음","2022-08-20 03:47:22","","","","2022-08-20 03:47:22","","","대기","대기","2022-08-20 04:13:12","2022-08-20 04:14:18","2022-08-20 04:14:23","2022-08-20 04:14:23","","","","","","","대기","대기","","","","","None","","","","15827271","15827272","mamex\mamex","29.97","2022-08-20 03:47:22","","아니오","아니오","","","","대기",
"  4","2022-08-19 18:27:05","2022-01-26","KDAS","20220819V42646","국회의사당 내 카페 헤리티지815 스케치_수신본","","SBS","-SBS 취재본 -국회의사당 내 -국회 카페 헤리티지815 카페 스케치 -유수환 SBS 취재기자 녹취 -김원웅 광복회장 횡령 의혹 관련","00:04:01:26","","KDAS","아니오","","성공","성공","성공","원본영상-국제","이현모","","미정리","","","","대기","요청없음","성공","미작성","아니오","아니오","HD","알수없음","","","2022-09-02","","KDAS","0","없음","2022-08-19 18:27:01","","","","2022-08-19 18:27:01","","","대기","대기","2022-08-19 18:27:29","2022-08-19 18:28:42","2022-08-19 18:28:56","2022-08-19 18:28:57","","","","","","","대기","대기","","","","","None","","","","15825461","15825462","mamex\mamex","29.97","2022-08-19 18:27:01","","예","아니오","","","","대기",
"  5","2022-08-19 18:37:51","2022-08-19","해외지국","20220819V42587","베이징_외교부 대변인 정례브리핑 0819_수신본","","","왕원빈","00:31:10:09","","LIVE 인제스트","아니오","","성공","성공","성공","원본영상-국제","","","미정리","","","","대기","요청없음","대기","미작성","아니오","아니오","HD","알수없음","","","2022-09-02","","금요일","0","없음","2022-08-19 18:04:17","","","","2022-08-19 18:04:17","","","대기","대기","2022-08-19 18:36:41","2022-08-19 18:37:54","2022-08-19 18:37:55","2022-08-19 18:37:55","","","","","","","대기","대기","","","","","None","","","","15825335","15825336","mamex\mamex","29.97","2022-08-19 18:04:17","","아니오","아니오","","","","대기",
"  6","2022-08-19 17:48:14","2022-08-19","해외지국","20220819V42474","베이징_조성원_중국 베이징 바이두 자율주행 및 화웨이 전기차 스케치_수신본","조성원","이창준","-중국 베이징 -중국 베이징 바이두 아폴로파크 스케치 -바이두 자율주행 전시차 및 주행 스케치 -로보택시 승강장 스케치 -자율주행 관련 기술 스케치 -화웨이 전기차 시제품 스케치","00:30:33:07","","LIVE 인제스트","아니오","","성공","성공","성공","원본영상-국제","","김인수","정리완료","","","","대기","요청없음","대기","미작성","아니오","아니오","HD","알수없음","","","2022-09-02","","금요일","0","없음","2022-08-19 17:15:19","","","","2022-08-19 17:15:19","","","대기","대기","2022-08-19 17:46:42","2022-08-19 17:48:16","2022-08-19 17:48:25","2022-08-19 17:48:25","","","","","","","대기","대기","","","","","None","","","","15825104","15825105","mamex\mamex","29.97","2022-08-19 17:15:19","","아니오","아니오","","","","대기",
"  7","2022-08-19 17:00:57","2022-08-19","해외지국","20220819V42428","베이징_조성원_중국 베이징 왕푸징 현대자동차 매장 오픈_수신본","조성원","이창준","-중국 베이징 왕푸징 -중국 베이징 왕푸징 동방신천지 현대자동차 매장 외경 스케치(휴대폰) -넥쏘/i30 N/팰리세이드 차량 스케치","00:08:01:00","","LIVE 인제스트","아니오","","성공","성공","성공","원본영상-국제","","김인수","정리완료","","","","대기","요청없음","대기","미작성","아니오","아니오","HD","알수없음","","","2022-09-02","","금요일","0","없음","2022-08-19 16:50:37","","","","2022-08-19 16:50:37","","","대기","대기","2022-08-19 16:59:48","2022-08-19 17:01:00","2022-08-19 17:01:04","2022-08-19 17:01:04","","","","","","","대기","대기","","","","","None","","","","15825002","15825003","mamex\mamex","29.97","2022-08-19 16:50:37","","아니오","아니오","","","","대기",
"  8","2022-08-18 18:57:58","2022-08-18","해외지국","20220818V40446","베이징_외교부 대변인 정례브리핑 0818_수신본","","","왕원빈","00:20:16:10","","LIVE 인제스트","아니오","","성공","성공","성공","원본영상-국제","","","미정리","","","","대기","요청없음","대기","미작성","아니오","아니오","HD","알수없음","","","2022-09-01","","목요일","0","없음","2022-08-18 18:35:42","","","","2022-08-18 18:35:42","","","대기","대기","2022-08-18 18:56:47","2022-08-18 18:58:01","2022-08-18 18:58:01","2022-08-18 18:58:01","","","","","","","대기","대기","","","","","None","","","","15820764","15820765","mamex\mamex","29.97","2022-08-18 18:35:42","","아니오","아니오","","","","대기",
"  9","2022-08-18 17:57:27","2022-08-18","해외지국","20220818V39901","베이징_이랑_디지털 영상용 밑그림_수신본","","","","00:08:11:12","","LIVE 인제스트","아니오","","성공","성공","성공","원본영상-국제","","","미정리","","","","대기","요청없음","대기","미작성","아니오","아니오","HD","알수없음","","","2022-09-01","","목요일","0","없음","2022-08-18 15:54:07","","","","2022-08-18 15:54:07","","","대기","대기","2022-08-18 16:03:06","2022-08-18 17:57:30","2022-08-18 17:57:30","2022-08-18 17:57:30","","","","","","","대기","대기","","","","","None","","","","15819582","15819583","","29.97","2022-08-18 15:54:07","","아니오","아니오","","","","대기",
" 10","2022-08-18 17:57:24","2022-08-18","해외지국","20220818V39896","베이징_이랑_디지털 영상용 칭하이시민 녹취_수신본","","","","00:00:33:12","","LIVE 인제스트","아니오","","성공","성공","성공","원본영상-국제","","","미정리","","","","대기","요청없음","대기","미작성","아니오","아니오","HD","알수없음","","","2022-09-01","","목요일","0","없음","2022-08-18 15:52:53","","","","2022-08-18 15:52:53","","","대기","대기","2022-08-18 15:55:13","2022-08-18 17:57:27","2022-08-18 17:57:27","2022-08-18 17:57:27","","","","","","","대기","대기","","","","","None","","","","15819570","15819571","","29.97","2022-08-18 15:52:53","","아니오","아니오","","","","대기",
" 11","2022-08-18 17:56:42","2022-08-18","해외지국","20220818V39874","베이징_19시_조성원_오디오 편집본 및 온마이크_수신본","","","오디오 편집","00:02:13:08","","LIVE 인제스트","아니오","","성공","성공","성공","원본영상-국제","","","미정리","","","","대기","요청없음","대기","미작성","아니오","아니오","HD","알수없음","","","2022-09-01","","목요일","0","없음","2022-08-18 15:45:54","","","","2022-08-18 15:45:54","","","대기","대기","2022-08-18 15:49:58","2022-08-18 17:56:45","2022-08-18 17:56:45","2022-08-18 17:56:45","","","","","","","대기","대기","","","","","None","","","","15819526","15819527","","29.97","2022-08-18 15:45:54","","아니오","아니오","","","","대기",
" 12","2022-08-18 15:46:26","2022-08-18","해외지국","20220818V39432","베이징_21시_조성원_중국 가뭄_수신본","","","","00:03:05:23","","LIVE 인제스트","아니오","","성공","성공","성공","원본영상-국제","","","미정리","","","","대기","요청없음","대기","미작성","아니오","아니오","HD","알수없음","","","2022-09-01","","목요일","0","없음","2022-08-18 11:44:18","","","","2022-08-18 11:44:18","","","대기","대기","2022-08-18 11:48:37","2022-08-18 15:46:28","2022-08-18 15:46:28","2022-08-18 15:46:28","","","","","","","대기","대기","","","","","None","","","","15818537","15818538","","29.97","2022-08-18 11:44:18","","아니오","아니오","","","","대기",
" 13","2022-08-17 18:23:41","2022-08-17","해외지국","20220817V38089","베이징_외교부 대변인 정례브리핑 0817_수신본","","","왕원빈","00:28:51:02","","LIVE 인제스트","아니오","","성공","성공","성공","원본영상-국제","","","미정리","","","","대기","요청없음","대기","작성완료","아니오","아니오","HD","알수없음","","","2022-08-24","","국제","0","없음","2022-08-17 17:52:22","","","","2022-08-17 17:52:22","","","대기","대기","2022-08-17 18:22:03","2022-08-17 18:23:44","2022-08-17 18:23:44","2022-08-17 18:23:44","","","","","","","대기","대기","","","","","None","","","","15815621","15815622","mamex\mamex","29.97","2022-08-17 17:52:22","","아니오","아니오","","","","성공",
" 14","2022-08-16 18:50:09","2022-08-16","해외지국","20220816V36118","베이징_외교부 대변인 정례브리핑 0816_수신본","","","왕원빈","00:18:28:14","","LIVE 인제스트","아니오","","성공","성공","성공","원본영상-국제","","","미정리","","","","대기","요청없음","대기","미작성","아니오","아니오","HD","알수없음","","","2022-08-30","","화요일","0","없음","2022-08-16 18:29:20","2022-08-17 00:19:23","2022-08-17 00:20:29","","2022-08-16 18:29:20","","","대기","대기","2022-08-16 18:48:33","2022-08-16 18:50:12","2022-08-16 18:50:12","2022-08-16 18:50:12","","","","","","","성공","대기","","","","","None","","","","15811237","15811238","mamex\mamex","29.97","2022-08-16 18:29:20","","아니오","아니오","","","","대기",
" 15","2022-08-16 17:37:49","2022-08-16","해외지국","20220816V35962","베이징_김민성_중 크리스마스 용품 전진기지 봉쇄 연장 관련 녹취_수신본","","","전화 녹취","00:00:40:23","","LIVE 인제스트","아니오","","성공","성공","성공","원본영상-국제","","","미정리","","","","대기","요청없음","대기","미작성","아니오","아니오","HD","알수없음","","","2022-08-30","","화요일","0","없음","2022-08-16 17:34:50","2022-08-17 00:19:23","2022-08-17 00:19:27","","2022-08-16 17:34:50","","","대기","대기","2022-08-16 17:37:19","2022-08-16 17:37:52","2022-08-16 17:37:52","2022-08-16 17:37:52","","","","","","","성공","대기","","","","","None","","","","15810886","15810887","mamex\mamex","29.97","2022-08-16 17:34:50","","아니오","아니오","","","","대기",
" 16","2022-08-16 13:58:22","2022-08-16","해외지국","20220816V35394","베이징_이창준_정재호 주중국한국대사 부임 첫 기자 간담회 모두발언 녹취 및 스케치_수신본","","YTN","","00:16:53:25","","LIVE 인제스트","아니오","","성공","성공","성공","원본영상-국제","","이태희","정리완료","","","","대기","요청없음","성공","미작성","아니오","아니오","HD","알수없음","","","2022-08-30","","화요일","0","없음","2022-08-16 13:39:07","2022-08-17 00:19:28","2022-08-17 00:20:27","","2022-08-16 13:39:07","","","대기","대기","2022-08-16 13:57:14","2022-08-16 13:58:24","2022-08-16 13:58:26","2022-08-16 13:58:26","","","","","2022-08-17 09:50:04","2022-08-17 09:50:36","성공","대기","","","","","None","","","","15809662","15809663","mamex\mamex","29.97","2022-08-16 13:39:07","","예","아니오","","","","대기",
" 17","2022-08-16 13:15:34","2022-08-16","해외지국","20220816V35366","베이징_조성원_디지털_상하이 탈출_수신본","","","","00:06:24:14","","LIVE 인제스트","아니오","","성공","성공","성공","원본영상-국제","","","미정리","","","","대기","요청없음","대기","미작성","아니오","아니오","HD","알수없음","","","2022-08-30","","화요일","0","없음","2022-08-16 13:06:43","2022-08-17 00:20:29","2022-08-17 00:20:49","","2022-08-16 13:06:43","","","대기","대기","2022-08-16 13:13:55","2022-08-16 13:15:36","2022-08-16 13:15:36","2022-08-16 13:15:36","","","","","","","성공","대기","","","","","None","","","","15809606","15809607","mamex\mamex","29.97","2022-08-16 13:06:43","","아니오","아니오","","","","대기",
" 18","2022-08-16 05:54:28","2022-08-16","해외지국","20220816V34861","뉴욕_한보경_김종성 건축가 인터뷰 CAM B_수신본","","","","01:01:00:20","","LIVE 인제스트","아니오","","성공","성공","성공","원본영상-국제","","","미정리","","","","대기","요청없음","대기","미작성","아니오","아니오","HD","알수없음","","","2022-08-30","","화요일","0","없음","2022-08-16 04:51:03","2022-08-17 00:20:30","2022-08-17 00:23:12","","2022-08-16 04:51:03","","","대기","대기","2022-08-16 05:53:16","2022-08-16 05:54:29","2022-08-16 05:54:29","2022-08-16 05:54:29","","","","","","","성공","대기","","","","","None","","","","15808555","15808556","mamex\mamex","29.97","2022-08-16 04:51:03","","아니오","아니오","","","","대기",
" 19","2022-08-15 19:22:41","2022-08-15","해외지국","20220815V34328","베이징_외교부 대변인 정례브리핑 0815_수신본","","","왕원빈","00:16:01:04","","LIVE 인제스트","아니오","","성공","성공","성공","원본영상-국제","","","미정리","","","","대기","요청없음","대기","미작성","아니오","아니오","HD","알수없음","","","2022-08-29","","월요일","0","없음","2022-08-15 19:04:41","","","","2022-08-15 19:04:41","","","대기","대기","2022-08-15 19:21:57","2022-08-15 19:22:44","2022-08-15 19:22:44","2022-08-15 19:22:44","","","","","","","대기","대기","","","","","None","","","","15807439","15807440","mamex\mamex","29.97","2022-08-15 19:04:41","","아니오","아니오","","","","대기",
" 20","2022-08-15 15:44:16","2022-08-15","해외지국","20220815V34109","베이징_19시_김민성_크리스마스 용품 차질 빚나_수신본","","","","00:02:37:12","","LIVE 인제스트","아니오","","성공","성공","성공","원본영상-국제","","","미정리","","","","대기","요청없음","대기","미작성","아니오","아니오","HD","알수없음","","","2022-08-29","","월요일","0","없음","2022-08-15 15:39:17","","","","2022-08-15 15:39:17","","","대기","대기","2022-08-15 15:43:48","2022-08-15 15:44:18","2022-08-15 15:44:18","2022-08-15 15:44:18","","","","","","","대기","대기","","","","","None","","","","15806968","15806969","mamex\mamex","29.97","2022-08-15 15:39:17","","아니오","아니오","","","","대기",
" 21","2022-08-13 05:53:56","2022-08-13","해외지국","20220813V32128","워싱턴_광장_김기현_온마이크 및 스케치_수신본","","","","00:00:51:27","","LIVE 인제스트","아니오","","성공","성공","성공","원본영상-국제","","클로징 만","미정리","","","","대기","요청없음","대기","미작성","아니오","아니오","HD","알수없음","","","2022-08-27","","토요일","0","없음","2022-08-13 05:50:43","","","","2022-08-13 05:50:43","","","대기","대기","2022-08-13 05:53:22","2022-08-13 05:53:56","2022-08-13 05:53:57","2022-08-13 05:53:57","","","","","","","대기","대기","","","","","None","","","","15802776","15802777","mamex\mamex","29.97","2022-08-13 05:50:43","","아니오","아니오","","","","대기",
" 22","2022-08-12 18:02:13","2022-08-12","해외지국","20220812V30976","베이징_외교부 대변인 정례브리핑 0812_수신본","","","왕원빈","00:20:25:25","","LIVE 인제스트","아니오","","성공","성공","성공","원본영상-국제","","","미정리","","","","대기","요청없음","대기","미작성","아니오","아니오","HD","알수없음","","","2022-08-26","","금요일","0","없음","2022-08-12 17:39:25","","","","2022-08-12 17:39:25","","","대기","대기","2022-08-12 18:01:05","2022-08-12 18:02:16","2022-08-12 18:02:16","2022-08-12 18:02:16","","","","","","","대기","대기","","","","","None","","","","15800412","15800413","mamex\mamex","29.97","2022-08-12 17:39:25","","아니오","아니오","","","","대기",
" 23","2022-08-12 15:52:20","2022-08-12","해외지국","20220812V30760","베이징_14일 21시_김민성_오디오_수신본","","","오디오 편집","00:01:30:22","","LIVE 인제스트","아니오","","성공","성공","성공","원본영상-국제","","","미정리","","","","대기","요청없음","대기","미작성","아니오","아니오","HD","알수없음","","","2022-08-26","","금요일","0","없음","2022-08-12 15:48:29","","","","2022-08-12 15:48:29","","","대기","대기","2022-08-12 15:51:48","2022-08-12 15:52:22","2022-08-12 15:52:23","2022-08-12 15:52:23","","","","","","","대기","대기","","","","","None","","","","15799865","15799866","mamex\mamex","29.97","2022-08-12 15:48:29","","아니오","아니오","","","","대기",
" 24","2022-08-12 14:08:39","2022-08-12","해외지국","20220812V30464","베이징_김민성_샤먼 맹그로브 영상_수신본","","","","00:01:45:04","","LIVE 인제스트","아니오","","성공","성공","성공","원본영상-국제","","","미정리","","","","대기","요청없음","대기","미작성","아니오","아니오","HD","알수없음","","","2022-08-26","","금요일","0","없음","2022-08-12 13:50:29","","","","2022-08-12 13:50:29","","","대기","대기","2022-08-12 13:54:00","2022-08-12 14:08:41","2022-08-12 13:54:38","2022-08-12 13:54:38","","","","","","","대기","대기","","","","","None","","","","15799181","15799182","mamex\mamex","29.97","2022-08-12 13:50:29","","아니오","아니오","","","","대기",
" 25","2022-08-11 19:12:24","2022-08-11","해외지국","20220811V28809","베이징_외교부 대변인 정례브리핑 0811_수신본","","","왕원빈","00:35:10:21","","LIVE 인제스트","아니오","","성공","성공","성공","원본영상-국제","","","미정리","","","","대기","요청없음","대기","미작성","아니오","아니오","HD","알수없음","","","2022-08-25","","목요일","0","없음","2022-08-11 18:35:14","","","","2022-08-11 18:35:14","","","대기","대기","2022-08-11 19:11:39","2022-08-11 19:12:27","2022-08-11 19:12:27","2022-08-11 19:12:27","","","","","","","대기","대기","","","","","None","","","","15795594","15795595","mamex\mamex","29.97","2022-08-11 18:35:14","","아니오","아니오","","","","대기",
" 26","2022-08-11 16:29:56","2022-08-11","해외지국","20220811V28410","베이징_김민성_샤먼 맹그로브 05_수신본","김민성","이창준","","00:13:01:21","","LIVE 인제스트","아니오","","성공","성공","성공","원본영상-국제","","","미정리","","","","대기","요청없음","대기","미작성","아니오","아니오","HD","알수없음","","","2022-08-25","","목요일","0","없음","2022-08-11 16:14:56","","","","2022-08-11 16:14:56","","","대기","대기","2022-08-11 16:28:45","2022-08-11 16:29:59","2022-08-11 16:30:08","2022-08-11 16:30:08","","","","","","","대기","대기","","","","","None","","","","15794666","15794667","mamex\mamex","29.97","2022-08-11 16:14:56","","아니오","아니오","","","","대기",
" 27","2022-08-11 16:14:49","2022-08-11","해외지국","20220811V28333","베이징_김민성_샤먼 맹그로브(제공영상 사진) 04_수신본","김민성","이창준","","00:21:36:21","","LIVE 인제스트","아니오","","성공","성공","성공","원본영상-국제","","","미정리","","","","대기","요청없음","대기","미작성","아니오","아니오","HD","알수없음","","","2022-08-25","","목요일","0","없음","2022-08-11 15:50:51","","","","2022-08-11 15:50:51","","","대기","대기","2022-08-11 16:13:38","2022-08-11 16:14:51","2022-08-11 16:14:55","2022-08-11 16:14:55","","","","","","","대기","대기","","","","","None","","","","15794499","15794500","mamex\mamex","29.97","2022-08-11 15:50:51","","아니오","아니오","","","","대기",
" 28","2022-08-11 15:28:07","2022-08-11","해외지국","20220811V28218","베이징_김민성_샤먼 맹그로브 인터뷰 및 녹취 03_수신본","김민성","이창준","-중국 푸젠성 샤먼시 -쉬에쯔용 푸젠성 장저우시 룽하이구 임업 고급 엔지니어 인터뷰 -궈지엔중 푸젠성 장저우시 룽하이구 푸궁진 조림녹화사업팀 팀장 인터뷰 -리우이 중국 맹그로브 숲 보호 연맹 대표 인터뷰 -좡여사 샤먼 시민 인터뷰 -낚시하는 사람 녹취","00:22:44:29","","LIVE 인제스트","아니오","","성공","성공","성공","원본영상-국제","","","미정리","","","","대기","요청없음","대기","미작성","아니오","아니오","HD","알수없음","","","2022-08-25","","목요일","0","없음","2022-08-11 15:02:56","","","","2022-08-11 15:02:56","","","대기","대기","2022-08-11 15:26:28","2022-08-11 15:28:09","2022-08-11 15:28:09","2022-08-11 15:28:09","","","","","","","대기","대기","","","","","None","","","","15794222","15794223","mamex\mamex","29.97","2022-08-11 15:02:56","","아니오","아니오","","","","대기",
" 29","2022-08-11 13:52:20","2022-08-11","해외지국","20220811V28008","베이징_김민성_샤먼 맹그로브 02_드론_수신본","김민성","이창준","-중국 푸젠성 샤먼시 -중국 푸젠성 샤먼시 맹그로브 복원 현장 스케치 -드론 스케치","00:44:03:25","","LIVE 인제스트","아니오","","성공","성공","성공","원본영상-국제","","","미정리","","","","대기","요청없음","대기","미작성","아니오","아니오","HD","알수없음","","","2022-08-25","","목요일","0","없음","2022-08-11 13:05:54","","","","2022-08-11 13:05:54","","","대기","대기","2022-08-11 13:50:47","2022-08-11 13:52:22","2022-08-11 13:52:23","2022-08-11 13:52:23","","","","","","","대기","대기","","","","","None","","","","15793746","15793747","mamex\mamex","29.97","2022-08-11 13:05:54","","아니오","아니오","","","","대기",
" 30","2022-08-11 11:53:24","2022-08-11","해외지국","20220811V27850","베이징_김민성_샤먼 맹그로브 스케치 및 온마이크 01_수신본","김민성","이창준","-중국 푸젠성 샤먼시 -중국 푸젠성 샤먼시 맹그로브 복원 스케치 -김민성 취재기자 온마이크","00:36:03:00","","LIVE 인제스트","아니오","","성공","성공","성공","원본영상-국제","","","미정리","","","","대기","요청없음","대기","미작성","아니오","아니오","HD","알수없음","","","2022-08-25","","목요일","0","없음","2022-08-11 11:11:52","","","","2022-08-11 11:11:52","","","대기","대기","2022-08-11 11:48:41","2022-08-11 11:53:25","2022-08-11 11:50:22","2022-08-11 11:50:22","","","","","","","대기","대기","","","","","None","","","","15793405","15793406","mamex\mamex","29.97","2022-08-11 11:11:52","","아니오","아니오","","","","대기",
" 31","2022-08-11 07:26:51","2022-08-11","해외지국","20220811V27459","뉴욕_한보경_삼성 갤럭시 플립 타임스스퀘어 광고 BTS_수신본","","","","00:05:43:22","","LIVE 인제스트","아니오","","성공","성공","성공","원본영상-국제","","","정리완료","","","","대기","요청없음","성공","미작성","아니오","아니오","HD","알수없음","","","2022-08-25","","목요일","0","없음","2022-08-11 07:18:47","","","","2022-08-11 07:18:47","","","대기","대기","2022-08-11 07:25:15","2022-08-11 07:26:52","2022-08-11 07:26:54","2022-08-11 07:26:54","","","","","2022-08-11 09:21:05","2022-08-11 09:21:17","대기","대기","","","","","None","","","","15792593","15792594","mamex\mamex","29.97","2022-08-11 07:18:47","","예","아니오","","","","대기",
" 32","2022-08-11 03:15:29","2022-08-11","해외지국","20220811V27210","뉴욕_한보경_뉴저지 주유소 스케치 및 일반인 인터뷰_수신본","","","","00:08:56:08","","LIVE 인제스트","아니오","","성공","성공","성공","원본영상-국제","","김인수","정리완료","","","","대기","요청없음","대기","미작성","아니오","아니오","HD","알수없음","","","2022-08-25","","목요일","0","없음","2022-08-11 03:04:12","","","","2022-08-11 03:04:12","","","대기","대기","2022-08-11 03:14:21","2022-08-11 03:15:29","2022-08-11 03:15:31","2022-08-11 03:15:31","","","","","","","대기","대기","","","","","None","","","","15792073","15792074","mamex\mamex","29.97","2022-08-11 03:04:12","","아니오","아니오","","","","대기",
" 33","2022-08-10 19:04:01","2022-08-10","해외지국","20220810V26456","베이징_외교부 대변인 정례브리핑 0810_수신본","","","왕원빈","00:20:14:25","","LIVE 인제스트","아니오","","성공","성공","성공","원본영상-국제","","","미정리","","","","대기","요청없음","대기","미작성","아니오","아니오","HD","알수없음","","","2022-08-24","","수요일","0","없음","2022-08-10 18:41:25","","","","2022-08-10 18:41:25","","","대기","대기","2022-08-10 19:02:51","2022-08-10 19:04:04","2022-08-10 19:04:04","2022-08-10 19:04:04","","","","","","","대기","대기","","","","","None","","","","15790340","15790341","mamex\mamex","29.97","2022-08-10 18:41:25","","아니오","아니오","","","","대기",
" 34","2022-08-10 15:05:25","2022-08-10","해외지국","20220810V25829","베이징_김민성_백두산 산사태_수신본","","","","00:01:31:28","","LIVE 인제스트","아니오","","성공","성공","성공","원본영상-국제","","","미정리","","","","대기","요청없음","성공","미작성","아니오","아니오","HD","알수없음","","","2022-08-24","","수요일","0","없음","2022-08-10 15:01:33","","","","2022-08-10 15:01:33","","","대기","대기","2022-08-10 15:04:53","2022-08-10 15:05:28","2022-08-10 15:05:28","2022-08-10 15:05:28","","","","","2022-08-11 09:21:12","2022-08-11 09:21:18","대기","대기","","","","","None","","","","15788967","15788968","mamex\mamex","29.97","2022-08-10 15:01:33","","예","아니오","","","","대기",
" 35","2022-08-09 19:09:09","2022-08-09","해외지국","20220809V24120","베이징_외교부 대변인 정례브리핑 0809_수신본","","","왕원빈","00:31:02:19","","LIVE 인제스트","아니오","","성공","성공","성공","원본영상-국제","","","미정리","","","","대기","요청없음","대기","미작성","아니오","아니오","HD","알수없음","","","2022-08-23","","화요일","0","없음","2022-08-09 18:35:44","","","","2022-08-09 18:35:44","","","대기","대기","2022-08-09 19:08:02","2022-08-09 19:09:11","2022-08-09 19:09:12","2022-08-09 19:09:12","","","","","","","대기","대기","","","","","None","","","","15785289","15785290","mamex\mamex","29.97","2022-08-09 18:35:44","","아니오","아니오","","","","대기",
" 36","2022-08-09 18:02:48","2022-08-09","해외지국","20220809V24011","베이징_19시_21시_김민성_타이완 굴복 않겠다 맞대응 사격 훈련_수신본","","","","00:00:34:18","","LIVE 인제스트","아니오","","성공","성공","성공","원본영상-국제","","","미정리","","","","대기","요청없음","대기","미작성","아니오","아니오","HD","알수없음","","","2022-08-23","","화요일","0","없음","2022-08-09 17:59:48","","","","2022-08-09 17:59:48","","","대기","대기","2022-08-09 18:02:16","2022-08-09 18:02:51","2022-08-09 18:02:51","2022-08-09 18:02:51","","","","","","","대기","대기","","","","","None","","","","15785069","15785070","mamex\mamex","29.97","2022-08-09 17:59:48","","아니오","아니오","","","","대기",
" 37","2022-08-08 19:04:48","2022-08-08","해외지국","20220808V21399","베이징_외교부 대변인 정례브리핑 0808_수신본","","","왕원빈","00:54:51:11","","LIVE 인제스트","아니오","","성공","성공","성공","원본영상-국제","","","미정리","","","","대기","요청없음","대기","미작성","아니오","아니오","HD","알수없음","","","2022-08-22","","월요일","0","없음","2022-08-08 18:07:31","","","","2022-08-08 18:07:31","","","대기","대기","2022-08-08 19:03:16","2022-08-08 19:04:50","2022-08-08 19:04:51","2022-08-08 19:04:51","","","","","","","대기","대기","","","","","None","","","","15779446","15779447","mamex\mamex","29.97","2022-08-08 18:07:31","","아니오","아니오","","","","대기",
" 38","2022-08-06 20:02:26","2022-08-06","해외지국","20220806V18949","베이징_21시_김민성_오디오 편집본 및 온마이크_수신본","","","오디오 편집","00:02:17:17","","LIVE 인제스트","아니오","","성공","성공","성공","원본영상-국제","","","미정리","","","","대기","요청없음","대기","미작성","아니오","아니오","HD","알수없음","","","2022-08-20","","토요일","0","없음","2022-08-06 19:57:48","","","","2022-08-06 19:57:48","","","대기","대기","2022-08-06 20:01:58","2022-08-06 20:02:29","2022-08-06 20:02:29","2022-08-06 20:02:29","","","","","","","대기","대기","","","","","None","","","","15774131","15774132","mamex\mamex","29.97","2022-08-06 19:57:48","","아니오","아니오","","","","대기",
" 39","2022-08-05 22:53:41","2022-08-05","해외지국","20220805V17674","베이징_외교부 대변인 정례브리핑 0805_수신본","","","화춘잉","00:46:02:22","","LIVE 인제스트","아니오","","성공","성공","성공","원본영상-국제","","","미정리","","","","대기","요청없음","대기","미작성","아니오","아니오","HD","알수없음","","","2022-08-19","","금요일","0","없음","2022-08-05 19:31:33","","","","2022-08-05 19:31:33","","","대기","대기","2022-08-05 20:18:25","2022-08-05 22:53:45","2022-08-05 20:20:03","2022-08-05 20:20:03","","","","","","","대기","대기","","","","","None","","","","15771435","15771436","mamex\mamex","29.97","2022-08-05 19:31:33","","아니오","아니오","","","","대기",
" 40","2022-08-04 20:54:54","2022-08-04","해외지국","20220804V15521","베이징_외교부 대변인 정례브리핑 0804_수신본","","","화춘잉","00:57:13:03","","LIVE 인제스트","아니오","","성공","성공","성공","원본영상-국제","","","미정리","","","","대기","요청없음","대기","미작성","아니오","아니오","HD","알수없음","","","2022-08-18","","목요일","0","없음","2022-08-04 19:55:19","","","","2022-08-04 19:55:19","","","대기","대기","2022-08-04 20:53:24","2022-08-04 20:54:57","2022-08-04 20:54:58","2022-08-04 20:54:58","","","","","","","대기","대기","","","","","None","","","","15766810","15766811","mamex\mamex","29.97","2022-08-04 19:55:19","","아니오","아니오","","","","대기",
" 41","2022-08-04 18:56:18","2022-08-04","해외지국","20220804V15344","베이징_이랑_디지털영상용 밑그림 03_수신본","","","","00:02:21:21","","LIVE 인제스트","아니오","","성공","성공","성공","원본영상-국제","","","미정리","","","","대기","요청없음","대기","미작성","아니오","아니오","HD","알수없음","","","2022-08-18","","목요일","0","없음","2022-08-04 18:51:36","","","","2022-08-04 18:51:36","","","대기","대기","2022-08-04 18:55:47","2022-08-04 18:56:20","2022-08-04 18:56:22","2022-08-04 18:56:22","","","","","","","대기","대기","","","","","None","","","","15766415","15766416","mamex\mamex","29.97","2022-08-04 18:51:36","","아니오","아니오","","","","대기",
" 42","2022-08-04 17:43:53","2022-08-04","해외지국","20220804V15145","베이징_이랑_디지털영상용 밑그림 02_수신본","","","","00:01:40:27","","LIVE 인제스트","아니오","","성공","성공","성공","원본영상-국제","","","미정리","","","","대기","요청없음","대기","미작성","아니오","아니오","HD","알수없음","","","2022-08-18","","목요일","0","없음","2022-08-04 17:39:51","","","","2022-08-04 17:39:51","","","대기","대기","2022-08-04 17:43:22","2022-08-04 17:43:56","2022-08-04 17:43:57","2022-08-04 17:43:57","","","","","","","대기","대기","","","","","None","","","","15766006","15766007","mamex\mamex","29.97","2022-08-04 17:39:51","","아니오","아니오","","","","대기",
" 43","2022-08-04 15:32:54","2022-08-04","해외지국","20220804V14852","베이징_이랑_디지털영상용 밑그림 01_수신본","","","","00:01:59:06","","LIVE 인제스트","아니오","","성공","성공","성공","원본영상-국제","","","미정리","","","","대기","요청없음","대기","미작성","아니오","아니오","HD","알수없음","","","2022-08-18","","목요일","0","없음","2022-08-04 15:28:33","","","","2022-08-04 15:28:33","","","대기","대기","2022-08-04 15:32:25","2022-08-04 15:32:56","2022-08-04 15:32:57","2022-08-04 15:32:57","","","","","","","대기","대기","","","","","None","","","","15765350","15765351","mamex\mamex","29.97","2022-08-04 15:28:33","","아니오","아니오","","","","대기",
" 44","2022-08-04 11:47:43","2022-08-04","해외지국","20220804V14346","베이징_외교부 대변인 정례브리핑 0803_수신본","","","","00:48:26:19","","LIVE 인제스트","아니오","","성공","성공","성공","원본영상-국제","","","미정리","","","","대기","요청없음","대기","미작성","아니오","아니오","HD","알수없음","","","2022-08-18","","목요일","0","없음","2022-08-04 10:56:54","","","","2022-08-04 10:56:54","","","대기","대기","2022-08-04 11:46:09","2022-08-04 11:47:45","2022-08-04 11:47:45","2022-08-04 11:47:45","","","","","","","대기","대기","","","","","None","","","","15764113","15764114","mamex\mamex","29.97","2022-08-04 10:56:54","","아니오","아니오","","","","대기",
" 45","2022-08-03 11:06:35","2022-08-03","해외지국","20220803V12033","베이징_외교부 대변인 정례브리핑 0802_수신본","","","화춘잉","00:42:12:01","","LIVE 인제스트","아니오","","성공","성공","성공","원본영상-국제","","","미정리","","","","대기","요청없음","대기","미작성","아니오","아니오","HD","알수없음","","","2022-08-17","","수요일","0","없음","2022-08-03 10:22:25","","","","2022-08-03 10:22:25","","","대기","대기","2022-08-03 11:05:46","2022-08-03 11:06:37","2022-08-03 11:06:37","2022-08-03 11:06:37","","","","","","","대기","대기","","","","","None","","","","15759148","15759149","mamex\mamex","29.97","2022-08-03 10:22:25","","아니오","아니오","","","","대기",
" 46","2022-08-02 18:52:35","2022-08-02","해외지국","20220802V10885","베이징_21시_조성원_중국 외교부 대변인 녹취_수신본","","","화춘잉","00:00:37:03","","LIVE 인제스트","아니오","","성공","성공","성공","원본영상-국제","","","미정리","","","","대기","요청없음","대기","미작성","아니오","아니오","HD","알수없음","","","2022-08-16","","화요일","0","없음","2022-08-02 18:49:38","","","","2022-08-02 18:49:38","","","대기","대기","2022-08-02 18:52:08","2022-08-02 18:52:38","2022-08-02 18:52:38","2022-08-02 18:52:38","","","","","","","대기","대기","","","","","None","","","","15756690","15756691","mamex\mamex","29.97","2022-08-02 18:49:38","","아니오","아니오","","","","대기",
" 47","2022-08-02 18:28:00","2022-08-02","해외지국","20220802V10821","베이징_21시_조성원_9시 화상 해변 장갑차_수신본","조성원","","","00:00:44:06","","LIVE 인제스트","아니오","","성공","성공","성공","원본영상-국제","","이현모","정리완료","","","","대기","요청없음","성공","미작성","아니오","아니오","HD","알수없음","","","2022-08-16","","화요일","0","없음","2022-08-02 18:25:18","","","","2022-08-02 18:25:18","","","대기","대기","2022-08-02 18:27:46","2022-08-02 18:28:03","2022-08-02 18:28:03","2022-08-02 18:28:03","","","","","2022-08-03 09:19:09","2022-08-03 09:19:15","대기","대기","","","","","None","","","","15756561","15756562","mamex\mamex","29.97","2022-08-02 18:25:18","","예","아니오","","","","대기",
" 48","2022-08-02 18:14:10","2022-08-02","해외지국","20220802V10775","베이징_21시_조성원_낸시 펠로시 트위터 스케치_수신본","조성원","이창준","-낸시 펠로시 미국하원의장 천안문 관련 트위터 화면 스케치","00:02:46:01","","LIVE 인제스트","아니오","","성공","성공","성공","원본영상-국제","","이현모","정리완료","","","","대기","요청없음","대기","미작성","아니오","아니오","HD","알수없음","","","2022-08-16","","화요일","0","없음","2022-08-02 18:09:03","","","","2022-08-02 18:09:03","","","대기","대기","2022-08-02 18:13:45","2022-08-02 18:14:13","2022-08-02 18:14:14","2022-08-02 18:14:14","","","","","","","대기","대기","","","","","None","","","","15756466","15756467","mamex\mamex","29.97","2022-08-02 18:09:03","","아니오","아니오","","","","대기",
" 49","2022-08-02 17:00:06","2022-08-02","해외지국","20220802V10566","베이징_21시_조성원_중국 군사훈련_수신본","","","","00:05:00:01","","LIVE 인제스트","아니오","","성공","성공","성공","원본영상-국제","","이현모","정리완료","","","","대기","요청없음","성공","미작성","아니오","아니오","HD","알수없음","","","2022-08-16","","화요일","0","없음","2022-08-02 16:52:40","","","","2022-08-02 16:52:40","","","대기","대기","2022-08-02 16:58:26","2022-08-02 17:00:08","2022-08-02 17:00:12","2022-08-02 17:00:12","","","","","2022-08-03 09:19:24","2022-08-03 09:19:33","대기","대기","","","","","None","","","","15756041","15756042","mamex\mamex","29.97","2022-08-02 16:52:40","","예","아니오","","","","대기",
" 50","2022-08-01 19:09:04","2022-08-01","해외지국","20220801V08641","베이징_외교부 대변인 정례브리핑 0801_수신본","","","자오리젠","00:38:11:26","","LIVE 인제스트","아니오","","성공","성공","성공","원본영상-국제","","","미정리","","","","대기","요청없음","대기","미작성","아니오","아니오","HD","알수없음","","","2022-08-15","","월요일","0","없음","2022-08-01 18:28:52","","","","2022-08-01 18:28:52","","","대기","대기","2022-08-01 19:07:53","2022-08-01 19:09:06","2022-08-01 19:09:07","2022-08-01 19:09:07","","","","","","","대기","대기","","","","","None","","","","15751926","15751927","mamex\mamex","29.97","2022-08-01 18:28:52","","아니오","아니오","","","","대기",
" 51","2022-08-01 16:05:10","2022-08-01","해외지국","20220801V08330","베이징_조성원_정재호 주중국대한민국대사 취임식_수신본","조성원","이창준","-주중국한국대사관 -정재호 대사 입장 스케치 -국민의례 묵념 스케치 -정재호 대사 취임사 스케치 및 녹취","00:09:01:20","","LIVE 인제스트","아니오","","성공","성공","성공","원본영상-국제","","","정리완료","","","","대기","요청없음","성공","미작성","아니오","아니오","HD","알수없음","","","2022-08-15","","월요일","0","없음","2022-08-01 15:53:41","","","","2022-08-01 15:53:41","","","대기","대기","2022-08-01 16:03:55","2022-08-01 16:05:12","2022-08-01 16:05:13","2022-08-01 16:05:13","","","","","2022-08-02 09:33:27","2022-08-02 09:33:45","대기","대기","","","","","None","","","","15751225","15751226","mamex\mamex","29.97","2022-08-01 15:53:41","","예","아니오","","","","대기",
" 52","2022-07-29 19:29:22","2022-07-29","해외지국","20220729V05010","베이징_외교부 대변인 정례브리핑 0729_수신본","","","자오리젠","00:28:54:14","","LIVE 인제스트","아니오","","성공","성공","성공","원본영상-국제","","","미정리","","","","대기","요청없음","대기","미작성","아니오","아니오","HD","알수없음","","","2022-08-12","","금요일","0","없음","2022-07-29 18:58:06","","","","2022-07-29 18:58:06","","","대기","대기","2022-07-29 19:28:13","2022-07-29 19:29:25","2022-07-29 19:29:25","2022-07-29 19:29:25","","","","","","","대기","대기","","","","","None","","","","15744207","15744208","mamex\mamex","29.97","2022-07-29 18:58:06","","아니오","아니오","","","","대기",
" 53","2022-07-29 18:00:27","2022-07-29","해외지국","20220729V04859","베이징_21시_조성원_화상용_중국 외교부 대변인 녹취_수신본","","","자오리젠","00:00:32:10","","LIVE 인제스트","아니오","","성공","성공","성공","원본영상-국제","","","미정리","","","","대기","요청없음","대기","미작성","아니오","아니오","HD","알수없음","","","2022-08-12","","금요일","0","없음","2022-07-29 17:57:35","","","","2022-07-29 17:57:35","","","대기","대기","2022-07-29 17:59:58","2022-07-29 18:00:30","2022-07-29 18:00:30","2022-07-29 18:00:30","","","","","","","대기","대기","","","","","None","","","","15743885","15743886","mamex\mamex","29.97","2022-07-29 17:57:35","","아니오","아니오","","","","대기",
" 54","2022-07-29 16:19:23","2022-07-29","해외지국","20220729V04655","베이징_21시_조성원_화상용 인민일보 그림_수신본","","","","00:01:04:06","","LIVE 인제스트","아니오","","성공","성공","성공","원본영상-국제","","","미정리","","","","대기","요청없음","대기","미작성","아니오","아니오","HD","알수없음","","","2022-08-12","","금요일","0","없음","2022-07-29 16:16:01","","","","2022-07-29 16:16:01","","","대기","대기","2022-07-29 16:18:49","2022-07-29 16:19:25","2022-07-29 16:19:25","2022-07-29 16:19:25","","","","","","","대기","대기","","","","","None","","","","15743436","15743437","mamex\mamex","29.97","2022-07-29 16:16:01","","아니오","아니오","","","","대기",
" 55","2022-07-28 18:22:08","2022-07-28","해외지국","20220728V02656","베이징_외교부 대변인 정례브리핑 0728_수신본","","","자오리젠","00:36:41:20","","LIVE 인제스트","아니오","","성공","성공","성공","원본영상-국제","","","미정리","","","","대기","요청없음","대기","미작성","아니오","아니오","HD","알수없음","","","2022-08-11","","목요일","0","없음","2022-07-28 17:42:57","","","","2022-07-28 17:42:57","","","대기","대기","2022-07-28 18:20:31","2022-07-28 18:22:11","2022-07-28 18:22:11","2022-07-28 18:22:11","","","","","","","대기","대기","","","","","None","","","","15739036","15739037","mamex\mamex","29.97","2022-07-28 17:42:57","","아니오","아니오","","","","대기",
" 56","2022-07-27 20:07:09","2022-07-27","해외지국","20220727V00757","베이징_외교부 대변인 정례브리핑 0727_수신본","","","자오리젠","00:16:59:03","","LIVE 인제스트","아니오","","성공","성공","성공","원본영상-국제","","","미정리","","","","대기","요청없음","대기","미작성","아니오","아니오","HD","알수없음","","","2022-08-10","","수요일","0","없음","2022-07-27 19:47:50","","","","2022-07-27 19:47:50","","","대기","대기","2022-07-27 20:05:38","2022-07-27 20:07:12","2022-07-27 20:07:13","2022-07-27 20:07:13","","","","","","","대기","대기","","","","","None","","","","15734831","15734832","mamex\mamex","29.97","2022-07-27 19:47:50","","아니오","아니오","","","","대기",
" 57","2022-07-27 15:51:50","2022-07-27","해외지국","20220727V00145","베이징_김민성_산동성 격리시설 스케치 및 전화 인터뷰 녹취_수신본","","","","00:04:44:06","","LIVE 인제스트","아니오","","성공","성공","성공","원본영상-국제","","","미정리","","","","대기","요청없음","대기","미작성","아니오","아니오","HD","알수없음","","","2022-08-10","","수요일","0","없음","2022-07-27 15:44:46","","","","2022-07-27 15:44:46","","","대기","대기","2022-07-27 15:50:39","2022-07-27 15:51:53","2022-07-27 15:51:53","2022-07-27 15:51:53","","","","","","","대기","대기","","","","","None","","","","15733533","15733534","mamex\mamex","29.97","2022-07-27 15:44:46","","아니오","아니오","","","","대기",
" 58","2022-07-27 07:13:45","2022-07-27","해외지국","20220727V99483","워싱턴_김양순_정전69년 추모의 벽 찾은 625참전용사 유족 01_수신본","김양순","오범석","-김양순 취재기자 온마이크 -추모의 벽 스케치 -스티브 프롤릭 인터뷰 -추모의벽 스케치 -행사 스케치 -추모의벽 유족 관람 스케치 -한신희 카투사 전사자 가족 스케치 -유족 헌화 스케치 -타미 쉬리브 인터뷰 -루버다 베어 인터뷰 -김양순 취재기자 온마이크","00:29:57:07","","LIVE 인제스트","아니오","","성공","성공","성공","원본영상-국제","","김인수","정리완료","","","","대기","요청없음","대기","미작성","아니오","아니오","HD","알수없음","","","2022-08-10","","수요일","0","없음","2022-07-27 06:41:26","","","","2022-07-27 06:41:26","","","대기","대기","2022-07-27 07:12:34","2022-07-27 07:13:46","2022-07-27 07:13:53","2022-07-27 07:13:53","","","","","","","대기","대기","","","","","None","","","","15732029","15732030","mamex\mamex","29.97","2022-07-27 06:41:26","","아니오","아니오","","","","대기",
" 59","2022-07-27 06:33:50","2022-07-27","해외지국","20220727V99469","워싱턴_광장_김기현_온마이크 01-02_스케치_수신본","","","","00:08:06:26","","LIVE 인제스트","아니오","","성공","성공","성공","원본영상-국제","","클로징 만","미정리","","","","대기","요청없음","대기","미작성","아니오","아니오","HD","알수없음","","","2022-08-10","","수요일","0","없음","2022-07-27 06:23:44","","","","2022-07-27 06:23:44","","","대기","대기","2022-07-27 06:32:38","2022-07-27 06:33:51","2022-07-27 06:33:51","2022-07-27 06:33:51","","","","","","","대기","대기","","","","","None","","","","15732001","15732002","mamex\mamex","29.97","2022-07-27 06:23:44","","아니오","아니오","","","","대기",
" 60","2022-07-26 18:46:53","2022-07-26","해외지국","20220726V98462","베이징_외교부 대변인 정례브리핑 0726_수신본","","","자오리젠","00:29:16:09","","LIVE 인제스트","아니오","","성공","성공","성공","원본영상-국제","","","미정리","","","","대기","요청없음","대기","미작성","아니오","아니오","HD","알수없음","","","2022-08-09","","화요일","0","없음","2022-07-26 18:15:39","","","","2022-07-26 18:15:39","","","대기","대기","2022-07-26 18:45:44","2022-07-26 18:46:56","2022-07-26 18:46:56","2022-07-26 18:46:56","","","","","","","대기","대기","","","","","None","","","","15729897","15729898","mamex\mamex","29.97","2022-07-26 18:15:39","","아니오","아니오","","","","대기",
" 61","2022-07-25 12:42:04","2022-07-25","해외지국","20220725V95825","베이징_조성원_디지털용 우주정거장 녹취 02_수신본","","","","00:01:26:25","","LIVE 인제스트","아니오","","성공","성공","성공","원본영상-국제","","","미정리","","","","대기","요청없음","대기","미작성","아니오","아니오","HD","알수없음","","","2022-08-08","","월요일","0","없음","2022-07-25 12:38:16","","","","2022-07-25 12:38:16","","","대기","대기","2022-07-25 12:41:36","2022-07-25 12:42:05","2022-07-25 12:42:06","2022-07-25 12:42:06","","","","","","","대기","대기","","","","","None","","","","15724143","15724144","mamex\mamex","29.97","2022-07-25 12:38:16","","아니오","아니오","","","","대기",
" 62","2022-07-22 17:28:51","2022-07-22","해외지국","20220722V92539","베이징_외교부 대변인 정례브리핑 0722_수신본","","","왕원빈","00:14:56:23","","LIVE 인제스트","아니오","","성공","성공","성공","원본영상-국제","","","미정리","","","","대기","요청없음","대기","미작성","아니오","아니오","HD","알수없음","","","2022-08-05","","금요일","0","없음","2022-07-22 17:11:33","","","","2022-07-22 17:11:33","","","대기","대기","2022-07-22 17:27:53","2022-07-22 17:28:54","2022-07-22 17:28:54","2022-07-22 17:28:54","","","","","","","대기","대기","","","","","None","","","","15717174","15717175","mamex\mamex","29.97","2022-07-22 17:11:33","","아니오","아니오","","","","대기",
" 63","2022-07-21 18:33:52","2022-07-21","해외지국","20220721V90328","베이징_외교부 대변인 정례브리핑 0721_수신본","","","왕원빈","00:15:22:26","","LIVE 인제스트","아니오","","성공","성공","성공","원본영상-국제","","","미정리","","","","대기","요청없음","대기","미작성","아니오","아니오","HD","알수없음","","","2022-08-04","","목요일","0","없음","2022-07-21 18:16:08","","","","2022-07-21 18:16:08","","","대기","대기","2022-07-21 18:32:43","2022-07-21 18:33:54","2022-07-21 18:33:55","2022-07-21 18:33:55","","","","","","","대기","대기","","","","","None","","","","15712403","15712404","mamex\mamex","29.97","2022-07-21 18:16:08","","아니오","아니오","","","","대기",
" 64","2022-07-21 18:08:20","2022-07-21","해외지국","20220721V90298","베이징_19시_김민성_오디오 및 온마이크_수신본","","","오디오 편집","00:02:09:12","","LIVE 인제스트","아니오","","성공","성공","성공","원본영상-국제","","","미정리","","","","대기","요청없음","대기","미작성","아니오","아니오","HD","알수없음","","","2022-08-04","","목요일","0","없음","2022-07-21 18:03:45","","","","2022-07-21 18:03:45","","","대기","대기","2022-07-21 18:07:51","2022-07-21 18:08:23","2022-07-21 18:08:23","2022-07-21 18:08:23","","","","","","","대기","대기","","","","","None","","","","15712340","15712341","mamex\mamex","29.97","2022-07-21 18:03:45","","아니오","아니오","","","","대기",
" 65","2022-07-21 06:58:36","2022-07-21","해외지국","20220721V89279","뉴욕_한보경_미드타운 펜트하우스 스케치_수신본","","","","00:10:06:13","","LIVE 인제스트","아니오","","성공","성공","성공","원본영상-국제","","김인수","정리완료","","","","대기","요청없음","대기","미작성","아니오","아니오","HD","알수없음","","","2022-08-04","","목요일","0","없음","2022-07-21 06:46:09","","","","2022-07-21 06:46:09","","","대기","대기","2022-07-21 06:57:04","2022-07-21 06:58:37","2022-07-21 06:58:38","2022-07-21 06:58:38","","","","","","","대기","대기","","","","","None","","","","15710027","15710028","mamex\mamex","29.97","2022-07-21 06:46:09","","아니오","아니오","","","","대기",
" 66","2022-07-20 18:22:31","2022-07-20","해외지국","20220720V88152","베이징_외교부 대변인 정례브리핑 0720_수신본","","","왕원빈","00:16:31:21","","LIVE 인제스트","아니오","","성공","성공","성공","원본영상-국제","","","미정리","","","","대기","요청없음","대기","미작성","아니오","아니오","HD","알수없음","","","2022-08-03","","수요일","0","없음","2022-07-20 18:04:01","","","","2022-07-20 18:04:01","","","대기","대기","2022-07-20 18:21:22","2022-07-20 18:22:34","2022-07-20 18:22:34","2022-07-20 18:22:34","","","","","","","대기","대기","","","","","None","","","","15707596","15707597","mamex\mamex","29.97","2022-07-20 18:04:01","","아니오","아니오","","","","대기",
" 67","2022-07-19 19:17:30","2022-07-19","해외지국","20220719V86171","베이징_외교부 대변인 정례브리핑 0719_수신본","","","자오리젠","00:29:05:13","","LIVE 인제스트","아니오","","성공","성공","성공","원본영상-국제","","","미정리","","","","대기","요청없음","대기","미작성","아니오","아니오","HD","알수없음","","","2022-08-02","","화요일","0","없음","2022-07-19 18:45:57","","","","2022-07-19 18:45:57","","","대기","대기","2022-07-19 19:16:16","2022-07-19 19:17:33","2022-07-19 19:17:33","2022-07-19 19:17:33","","","","","","","대기","대기","","","","","None","","","","15703312","15703313","mamex\mamex","29.97","2022-07-19 18:45:57","","아니오","아니오","","","","대기",
" 68","2022-07-19 18:46:18","2022-07-19","해외지국","20220719V86166","베이징_19시_조성원_오디오 수정_수신본","","","오디오 편집","00:00:32:02","","LIVE 인제스트","아니오","","성공","성공","성공","원본영상-국제","","","미정리","","","","대기","요청없음","대기","미작성","아니오","아니오","HD","알수없음","","","2022-08-02","","화요일","0","없음","2022-07-19 18:43:49","","","","2022-07-19 18:43:49","","","대기","대기","2022-07-19 18:46:10","2022-07-19 18:46:20","2022-07-19 18:46:21","2022-07-19 18:46:21","","","","","","","대기","대기","","","","","None","","","","15703304","15703305","mamex\mamex","29.97","2022-07-19 18:43:49","","아니오","아니오","","","","대기",
" 69","2022-07-19 18:40:33","2022-07-19","해외지국","20220719V86136","베이징_19시_조성원_오디오 및 온마이크_수신본","","","","00:00:49:10","","LIVE 인제스트","아니오","","성공","성공","성공","원본영상-국제","","클로징 만","미정리","","","","대기","요청없음","대기","미작성","아니오","아니오","HD","알수없음","","","2022-08-02","","화요일","0","없음","2022-07-19 18:37:22","","","","2022-07-19 18:37:22","","","대기","대기","2022-07-19 18:40:04","2022-07-19 18:40:36","2022-07-19 18:40:36","2022-07-19 18:40:36","","","","","","","대기","대기","","","","","None","","","","15703244","15703245","mamex\mamex","29.97","2022-07-19 18:37:22","","아니오","아니오","","","","대기",
" 70","2022-07-19 18:15:04","2022-07-19","해외지국","20220719V86061","베이징_19시_조성원_오디오편집본_수신본","","","오디오 편집","00:01:33:06","","LIVE 인제스트","아니오","","성공","성공","성공","원본영상-국제","","","미정리","","","","대기","요청없음","대기","미작성","아니오","아니오","HD","알수없음","","","2022-08-02","","화요일","0","없음","2022-07-19 18:11:11","","","","2022-07-19 18:11:11","","","대기","대기","2022-07-19 18:14:31","2022-07-19 18:15:07","2022-07-19 18:15:07","2022-07-19 18:15:07","","","","","","","대기","대기","","","","","None","","","","15703062","15703063","mamex\mamex","29.97","2022-07-19 18:11:11","","아니오","아니오","","","","대기",
" 71","2022-07-19 18:11:22","2022-07-19","해외지국","20220719V86046","베이징_19시_김민성_오디오 및 온마이크_수신본","","","오디오 편집","00:01:53:29","","LIVE 인제스트","아니오","","성공","성공","성공","원본영상-국제","","","미정리","","","","대기","요청없음","대기","미작성","아니오","아니오","HD","알수없음","","","2022-08-02","","화요일","0","없음","2022-07-19 18:07:08","","","","2022-07-19 18:07:08","","","대기","대기","2022-07-19 18:10:47","2022-07-19 18:11:24","2022-07-19 18:11:25","2022-07-19 18:11:25","","","","","","","대기","대기","","","","","None","","","","15703031","15703032","mamex\mamex","29.97","2022-07-19 18:07:08","","아니오","아니오","","","","대기",
" 72","2022-07-19 10:11:50","2022-07-19","해외지국","20220719V85036","파리_유원중_프랑스 보르도 산불현장_수신본","","","","00:06:12:06","","LIVE 인제스트","아니오","","성공","성공","성공","원본영상-국제","","김인수","정리완료","","","","대기","요청없음","대기","미작성","아니오","아니오","HD","알수없음","","","2022-08-02","","화요일","0","없음","2022-07-19 10:02:23","","","","2022-07-19 10:02:23","","","대기","대기","2022-07-19 10:09:22","2022-07-19 10:11:52","2022-07-19 10:11:03","2022-07-19 10:11:03","","","","","","","대기","대기","","","","","None","","","","15700834","15700835","mamex\mamex","29.97","2022-07-19 10:02:23","","아니오","아니오","","","","대기",
" 73","2022-07-19 05:21:50","2022-07-19","해외지국","20220719V84776","워싱턴_김양순_데이비드 월콕스 피터슨 연구소 경제분석가 인터뷰_수신본","김양순","오범석","","00:36:41:23","","LIVE 인제스트","아니오","","성공","성공","성공","원본영상-국제","","","미정리","","","","대기","요청없음","대기","미작성","아니오","아니오","HD","알수없음","","","2022-08-02","","화요일","0","없음","2022-07-19 04:42:47","","","","2022-07-19 04:42:47","","","대기","대기","2022-07-19 05:20:16","2022-07-19 05:21:51","2022-07-19 05:21:51","2022-07-19 05:21:51","","","","","","","대기","대기","","","","","None","","","","15700273","15700274","mamex\mamex","29.97","2022-07-19 04:42:47","","아니오","아니오","","","","대기",
" 74","2022-07-18 18:25:51","2022-07-18","해외지국","20220718V83794","베이징_외교부 대변인 정례브리핑 0718_수신본","","","왕원빈","00:14:38:11","","LIVE 인제스트","아니오","","성공","성공","성공","원본영상-국제","","","미정리","","","","대기","요청없음","대기","미작성","아니오","아니오","HD","알수없음","","","2022-08-01","","월요일","0","없음","2022-07-18 18:08:53","","","","2022-07-18 18:08:53","","","대기","대기","2022-07-18 18:24:44","2022-07-18 18:25:53","2022-07-18 18:25:54","2022-07-18 18:25:54","","","","","","","대기","대기","","","","","None","","","","15698197","15698198","mamex\mamex","29.97","2022-07-18 18:08:53","","아니오","아니오","","","","대기",
" 75","2022-07-16 05:59:20","2022-07-16","해외지국","20220716V80692","워싱턴_광장_이정민_온마이크_수신본","","","","00:06:29:17","","LIVE 인제스트","아니오","","성공","성공","성공","원본영상-국제","","클로징 만","미정리","","","","대기","요청없음","대기","미작성","아니오","아니오","HD","알수없음","","","2022-07-30","","토요일","0","없음","2022-07-16 05:50:29","","","","2022-07-16 05:50:29","","","대기","대기","2022-07-16 05:58:11","2022-07-16 05:59:21","2022-07-16 05:59:22","2022-07-16 05:59:22","","","","","","","대기","대기","","","","","None","","","","15691567","15691568","mamex\mamex","29.97","2022-07-16 05:50:29","","아니오","아니오","","","","대기",
" 76","2022-07-15 18:43:24","2022-07-15","해외지국","20220715V79644","베이징_외교부 대변인 정례브리핑 0715_수신본","","","왕원빈","00:18:57:11","","LIVE 인제스트","아니오","","성공","성공","성공","원본영상-국제","","","미정리","","","","대기","요청없음","대기","미작성","아니오","아니오","HD","알수없음","","","2022-07-29","","금요일","0","없음","2022-07-15 18:22:05","","","","2022-07-15 18:22:05","","","대기","대기","2022-07-15 18:42:18","2022-07-15 18:43:27","2022-07-15 18:43:27","2022-07-15 18:43:27","","","","","","","대기","대기","","","","","None","","","","15689348","15689349","mamex\mamex","29.97","2022-07-15 18:22:05","","아니오","아니오","","","","대기",
" 77","2022-07-15 15:53:02","2022-07-15","해외지국","20220715V79278","베이징_19시 및 21시_김민성_녹취_수신본","","","","00:00:32:23","","LIVE 인제스트","아니오","","성공","성공","성공","원본영상-국제","","","미정리","","","","대기","요청없음","대기","미작성","아니오","아니오","HD","알수없음","","","2022-07-29","","금요일","0","없음","2022-07-15 15:50:04","","","","2022-07-15 15:50:04","","","대기","대기","2022-07-15 15:52:32","2022-07-15 15:53:05","2022-07-15 15:53:05","2022-07-15 15:53:05","","","","","","","대기","대기","","","","","None","","","","15688511","15688512","mamex\mamex","29.97","2022-07-15 15:50:04","","아니오","아니오","","","","대기",
" 78","2022-07-14 17:33:45","2022-07-14","해외지국","20220714V77105","베이징_19시_이랑_밑그림_수신본","","","","00:03:03:21","","LIVE 인제스트","아니오","","성공","성공","성공","원본영상-국제","","","미정리","","","","대기","요청없음","대기","미작성","아니오","아니오","HD","알수없음","","","2022-07-28","","목요일","0","없음","2022-07-14 17:28:20","","","","2022-07-14 17:28:20","","","대기","대기","2022-07-14 17:33:11","2022-07-14 17:33:48","2022-07-14 17:33:48","2022-07-14 17:33:48","","","","","","","대기","대기","","","","","None","","","","15683776","15683777","mamex\mamex","29.97","2022-07-14 17:28:20","","아니오","아니오","","","","대기",
" 79","2022-07-14 17:29:27","2022-07-14","해외지국","20220714V77077","베이징_외교부 대변인 정례브리핑 0714_수신본","","","왕원빈","00:10:54:15","","LIVE 인제스트","아니오","","성공","성공","성공","원본영상-국제","","","미정리","","","","대기","요청없음","대기","미작성","아니오","아니오","HD","알수없음","","","2022-07-28","","목요일","0","없음","2022-07-14 17:16:12","","","","2022-07-14 17:16:12","","","대기","대기","2022-07-14 17:28:17","2022-07-14 17:29:29","2022-07-14 17:29:29","2022-07-14 17:29:29","","","","","","","대기","대기","","","","","None","","","","15683721","15683722","mamex\mamex","29.97","2022-07-14 17:16:12","","아니오","아니오","","","","대기",
" 80","2022-07-14 16:46:21","2022-07-14","해외지국","20220714V77011","베이징_21시_이랑_녹취_수신본","","","","00:00:41:17","","LIVE 인제스트","아니오","","성공","성공","성공","원본영상-국제","","","미정리","","","","대기","요청없음","대기","미작성","아니오","아니오","HD","알수없음","","","2022-07-28","","목요일","0","없음","2022-07-14 16:43:21","","","","2022-07-14 16:43:21","","","대기","대기","2022-07-14 16:45:49","2022-07-14 16:46:23","2022-07-14 16:46:24","2022-07-14 16:46:24","","","","","","","대기","대기","","","","","None","","","","15683527","15683528","mamex\mamex","29.97","2022-07-14 16:43:21","","아니오","아니오","","","","대기",
" 81","2022-07-14 12:20:05","2022-07-14","해외지국","20220714V76451","베이징_조성원_특파원보고_글로벌타임즈_수신본","","","","00:01:21:17","","LIVE 인제스트","아니오","","성공","성공","성공","원본영상-국제","","","미정리","","","","대기","요청없음","대기","미작성","아니오","아니오","HD","알수없음","","","2022-07-28","","목요일","0","없음","2022-07-14 12:16:46","","","","2022-07-14 12:16:46","","","대기","대기","2022-07-14 12:19:53","2022-07-14 12:20:07","2022-07-14 12:20:07","2022-07-14 12:20:07","","","","","","","대기","대기","","","","","None","","","","15682273","15682274","mamex\mamex","29.97","2022-07-14 12:16:46","","아니오","아니오","","","","대기",
" 82","2022-07-14 11:14:04","2022-07-14","해외지국","20220714V76347","중국 파기스탄 해상 훈련_수신본","","","","00:01:43:29","","LIVE 인제스트","아니오","","성공","성공","성공","원본영상-국제","","양의정","정리완료","","","","대기","요청없음","성공","미작성","아니오","아니오","HD","알수없음","","","2022-07-28","","목요일","0","없음","2022-07-14 11:10:22","","","","2022-07-14 11:10:22","","","대기","대기","2022-07-14 11:13:50","2022-07-14 11:14:05","2022-07-14 11:14:06","2022-07-14 11:14:06","","","","","2022-07-15 10:06:19","2022-07-15 10:06:25","대기","대기","","","","","None","","","","15682052","15682053","mamex\mamex","29.97","2022-07-14 11:10:22","","예","아니오","","","","대기",
" 83","2022-07-14 09:47:28","2022-07-14","해외지국","20220714V76169","뉴욕_한보경_경제 ET_수신본","","","화상 녹화","00:06:36:17","","LIVE 인제스트","아니오","","성공","성공","성공","원본영상-국제","","","미정리","","","","대기","요청없음","대기","미작성","아니오","아니오","HD","알수없음","","","2022-07-28","","목요일","0","없음","2022-07-14 09:38:25","","","","2022-07-14 09:38:25","","","대기","대기","2022-07-14 09:45:50","2022-07-14 09:47:29","2022-07-14 09:47:29","2022-07-14 09:47:29","","","","","","","대기","대기","","","","","None","","","","15681664","15681665","mamex\mamex","29.97","2022-07-14 09:38:25","","아니오","아니오","","","","대기",
" 84","2022-07-13 17:38:23","2022-07-13","해외지국","20220713V74744","베이징_외교부 대변인 정례브리핑 0713_수신본","","","왕원빈","00:08:23:15","","LIVE 인제스트","아니오","","성공","성공","성공","원본영상-국제","","","미정리","","","","대기","요청없음","대기","미작성","아니오","아니오","HD","알수없음","","","2022-07-27","","수요일","0","없음","2022-07-13 17:27:33","","","","2022-07-13 17:27:33","","","대기","대기","2022-07-13 17:37:08","2022-07-13 17:38:25","2022-07-13 17:38:26","2022-07-13 17:38:26","","","","","","","대기","대기","","","","","None","","","","15678638","15678639","mamex\mamex","29.97","2022-07-13 17:27:33","","아니오","아니오","","","","대기",
" 85","2022-07-12 17:33:21","2022-07-12","해외지국","20220712V72370","베이징_외교부 대변인 정례브리핑 0712_수신본","","","","00:15:18:06","","LIVE 인제스트","아니오","","성공","준비","성공","원본영상-국제","","","미정리","","","","대기","요청없음","대기","미작성","아니오","아니오","HD","알수없음","","","2022-07-26","","화요일","0","없음","2022-07-12 17:15:43","","","","2022-07-12 17:15:43","","","대기","대기","2022-07-12 17:33:23","","2022-07-12 17:33:24","2022-07-12 17:33:24","","","","","","","대기","대기","","","","","None","","","","15673471","15673472","mamex\mamex","29.97","2022-07-12 17:15:43","","아니오","아니오","","","","대기",
" 86","2022-07-12 12:45:18","2022-07-12","해외지국","20220712V71690","베이징_특파원보고_미중해상경쟁_수신본","","","중국 항공모함 푸젠함, 미국 항공모함 ","00:24:30:02","","LIVE 인제스트","아니오","","성공","성공","성공","원본영상-국제","","김인수","정리완료","","","","대기","요청없음","성공","미작성","아니오","아니오","HD","알수없음","","","2022-07-26","","화요일","0","없음","2022-07-12 12:18:49","","","","2022-07-12 12:18:49","","","대기","대기","2022-07-12 12:44:32","2022-07-12 12:45:19","2022-07-12 12:45:32","2022-07-12 12:45:32","","","","","2022-07-13 11:13:06","2022-07-13 11:14:02","대기","대기","","","","","None","","","","15672026","15672027","mamex\mamex","29.97","2022-07-12 12:18:49","","예","아니오","","","","대기",
" 87","2022-07-12 06:00:13","2022-07-12","해외지국","20220712V71194","워싱턴_광장_김양순_온마이크_수신본","","","","00:00:39:00","","LIVE 인제스트","아니오","","성공","성공","성공","원본영상-국제","","클로징 만","미정리","","","","대기","요청없음","대기","미작성","아니오","아니오","HD","알수없음","","","2022-07-26","","화요일","0","없음","2022-07-12 05:50:16","","","","2022-07-12 05:50:16","","","대기","대기","2022-07-12 05:52:50","2022-07-12 06:00:14","2022-07-12 05:53:23","2022-07-12 05:53:23","","","","","","","대기","대기","","","","","None","","","","15670986","15670987","mamex\mamex","29.97","2022-07-12 05:50:16","","아니오","아니오","","","","대기",
" 88","2022-07-11 18:14:58","2022-07-11","해외지국","20220711V70166","베이징_외교부 대변인 정례브리핑 0711_수신본","","","왕원빈","00:23:30:11","","LIVE 인제스트","아니오","","성공","성공","성공","원본영상-국제","","","미정리","","","","대기","요청없음","대기","미작성","아니오","아니오","HD","알수없음","","","2022-07-25","","월요일","0","없음","2022-07-11 17:49:06","","","","2022-07-11 17:49:06","","","대기","대기","2022-07-11 18:13:26","2022-07-11 18:15:00","2022-07-11 18:15:01","2022-07-11 18:15:01","","","","","","","대기","대기","","","","","None","","","","15668784","15668785","mamex\mamex","29.97","2022-07-11 17:49:06","","아니오","아니오","","","","대기",
" 89","2022-07-09 01:56:29","2022-07-09","해외지국","20220709V66570","파리_유원중_케이푸드 페어 루브르_수신본","","","","00:45:37:14","","LIVE 인제스트","아니오","","성공","성공","성공","원본영상-국제","","","정리완료","","","","대기","요청없음","대기","미작성","아니오","아니오","HD","알수없음","","","2022-07-23","","토요일","0","없음","2022-07-09 01:08:23","","","","2022-07-09 01:08:23","","","대기","대기","2022-07-09 01:54:53","2022-07-09 01:56:33","2022-07-09 01:56:40","2022-07-09 01:56:40","","","","","","","대기","대기","","","","","None","","","","15660656","15660657","mamex\mamex","29.97","2022-07-09 01:08:23","","아니오","아니오","","","","대기",
" 90","2022-07-07 18:00:23","2022-07-07","해외지국","20220707V63295","베이징_외교부 대변인 정례브리핑 0707_수신본","","","자오리젠","00:35:07:28","","LIVE 인제스트","아니오","","성공","성공","성공","원본영상-국제","","","미정리","","","","대기","요청없음","대기","미작성","아니오","아니오","HD","알수없음","","","2022-07-21","","목요일","0","없음","2022-07-07 17:23:17","","","","2022-07-07 17:23:17","","","대기","대기","2022-07-07 17:59:12","2022-07-07 18:00:26","2022-07-07 18:00:27","2022-07-07 18:00:27","","","","","","","대기","대기","","","","","None","","","","15653451","15653452","mamex\mamex","29.97","2022-07-07 17:23:17","","아니오","아니오","","","","대기",
" 91","2022-07-07 06:51:54","2022-07-07","해외지국","20220707V62334","워싱턴_ET용_이정민_급등에서 급락으로 미국 유가 공방_수신본","","","화상 녹화","00:07:57:24","","LIVE 인제스트","아니오","","성공","성공","성공","원본영상-국제","","","미정리","","","","대기","요청없음","대기","미작성","아니오","아니오","HD","알수없음","","","2022-07-21","","목요일","0","없음","2022-07-07 06:41:36","","","","2022-07-07 06:41:36","","","대기","대기","2022-07-07 08:25:24","2022-07-07 08:28:11","2022-07-07 08:28:38","2022-07-07 08:28:39","","","","","","","대기","대기","","","","","None","","","","15651110","15651111","mamex\mamex","29.97","2022-07-07 06:41:36","","아니오","아니오","","","","대기",
" 92","2022-07-06 19:20:31","2022-07-06","해외지국","20220706V61105","베이징_외교부 대변인 정례브리핑 0706_수신본","","","자오리젠","00:33:03:14","","LIVE 인제스트","아니오","","성공","성공","성공","원본영상-국제","","","미정리","","","","대기","요청없음","대기","미작성","아니오","아니오","HD","알수없음","","","2022-07-20","","수요일","0","없음","2022-07-06 18:45:06","","","","2022-07-06 18:45:06","","","대기","대기","2022-07-06 19:19:22","2022-07-06 19:20:34","2022-07-06 19:20:35","2022-07-06 19:20:35","","","","","","","대기","대기","","","","","None","","","","15648473","15648474","mamex\mamex","29.97","2022-07-06 18:45:06","","아니오","아니오","","","","대기",
" 93","2022-05-30 11:47:52","2022-05-30","해외지국","20220530V91576","베이징_조성원_디지털용 중국 비 피해 영상_수신본","","","","00:09:55:26","","LIVE 인제스트","아니오","","성공","성공","성공","원본영상-국제","","","미정리","","","","대기","요청없음","성공","미작성","아니오","아니오","HD","알수없음","","","2022-07-28","","월요일","0","없음","2022-05-30 11:30:20","","","","2022-05-30 11:30:20","","","대기","대기","2022-05-30 11:41:03","2022-05-30 11:47:53","2022-05-30 11:42:43","2022-05-30 11:42:43","","","","","2022-07-21 18:42:30","2022-07-21 18:42:49","대기","대기","","","","","None","","","","15496252","15496253","mamex\mamex","29.97","2022-05-30 11:30:20","","예","아니오","","","","대기",
" 94","2022-03-26 19:42:09","2022-03-26","해외지국","20220326V75265","폴란드_우크라이나 한국인 의용군 인터뷰 스케치_수신본","이정은","김상민 서다은","-폴란드 -우크라이나 한국인 의용군 화상 인터뷰 스케치","00:07:13:15","","LIVE 인제스트","아니오","","성공","성공","성공","원본영상-국제","","","미정리","","","","대기","요청없음","대기","미작성","아니오","아니오","HD","알수없음","","","2022-04-09","","토요일","0","없음","2022-03-26 19:32:35","","","","2022-03-26 19:32:35","","","대기","대기","2022-03-26 19:40:36","2022-03-26 19:42:12","2022-03-26 19:42:13","2022-03-26 19:42:13","","","","","","","대기","대기","","","","","None","","","","15237085","15237086","mamex\mamex","29.97","2022-03-26 19:32:35","","아니오","아니오","","","","대기",
" 95","2022-03-25 01:12:56","2022-03-25","해외지국","20220325V72431","워싱턴_러시아 코바예프 바로노바 기자 이정민 기자 화상인터뷰 스케치_수신본","","","","00:07:34:28","","LIVE 인제스트","아니오","","성공","성공","성공","원본영상-국제","","","미정리","","","","대기","요청없음","대기","미작성","아니오","아니오","HD","알수없음","","","2022-04-08","","금요일","0","없음","2022-03-25 01:03:24","","","","2022-03-25 01:03:24","","","대기","대기","2022-03-25 01:11:47","2022-03-25 01:13:00","2022-03-25 01:13:01","2022-03-25 01:13:01","","","","","","","대기","대기","","","","","None","","","","15230726","15230727","mamex\mamex","29.97","2022-03-25 01:03:24","","아니오","아니오","","","","대기",
" 96","2022-03-23 22:33:19","2022-03-23","해외지국","20220323V69928","폴란드_김귀수_[폴란드 국경] 프셰이실 중앙역 및 숙소 매니저 녹취_수신본","김귀수","김상민 서다은","-중앙역 아이 찾는 엄마 스케치 -기자단 숙소 매니저 녹취","00:05:23:13","","LIVE 인제스트","아니오","","성공","성공","성공","원본영상-국제","","","미정리","","","","대기","요청없음","대기","미작성","아니오","아니오","HD","알수없음","","","2022-04-06","","수요일","0","없음","2022-03-23 22:25:35","","","","2022-03-23 22:25:35","","","대기","대기","2022-03-23 22:32:11","2022-03-23 22:33:23","2022-03-23 22:33:23","2022-03-23 22:33:23","","","","","","","대기","대기","","","","","None","","","","15225186","15225187","mamex\mamex","29.97","2022-03-23 22:25:35","","아니오","아니오","","","","대기",
" 97","2022-03-17 04:03:30","2022-03-17","해외지국","20220317V57800","폴란드_이정은_우크라이나 국경 넘은 한국 봉사 단체 취재 02_수신본","이정은","김상민 서다은","-폴란드 -우크라이나인들 차량 하차 스케치 -한인 봉사자 스케치 -조지아 봉사자들 스케치","00:07:48:15","","LIVE 인제스트","아니오","","성공","성공","성공","원본영상-국제","","양의정","정리완료","","","","대기","요청없음","성공","미작성","아니오","아니오","HD","알수없음","","","2022-03-31","","목요일","0","없음","2022-03-17 03:53:45","","","","2022-03-17 03:53:45","","","대기","대기","2022-03-17 04:02:44","2022-03-17 04:03:30","2022-03-17 04:03:31","2022-03-17 04:03:31","","","","","2022-07-13 14:51:07","2022-07-13 14:51:24","대기","대기","","","","","None","","","","15198261","15198262","mamex\mamex","29.97","2022-03-17 03:53:45","","예","아니오","","","","대기",
" 98","2022-03-17 03:48:09","2022-03-17","해외지국","20220317V57775","폴란드_이정은_우크라이나 국경 넘은 한국 봉사 단체 취재 01_수신본","이정은","김상민 서다은","-폴란드 -폴란드 테스코 마트 스케치 -조지아 봉사자들 스케치 -음식 받아가는 우크라이나인들 스케치 -우크라이나인 차량 하차 스케치 -한인 봉사자 스케치 -리타 조지아 봉사자 녹취 -안젤리나 우크라이나인 녹취","00:25:06:19","","LIVE 인제스트","아니오","","성공","성공","성공","원본영상-국제","","양의정","정리완료","","","","대기","요청없음","성공","미작성","아니오","아니오","HD","알수없음","","","2022-03-31","","목요일","0","없음","2022-03-17 03:21:05","","","","2022-03-17 03:21:05","","","대기","대기","2022-03-17 03:47:23","2022-03-17 03:48:09","2022-03-17 03:48:13","2022-03-17 03:48:13","","","","","2022-07-13 14:51:09","2022-07-13 14:51:54","대기","대기","","","","","None","","","","15198210","15198211","mamex\mamex","29.97","2022-03-17 03:21:05","","예","아니오","","","","대기",
" 99","2022-03-16 04:53:12","2022-03-16","해외지국","20220316V55487","폴란드_우크라이나 접경 지역 취재_수신본","이정은","김상민 서다은","-폴란드 -폴란드 메디카 국경검문소 분위기 스케치 -줄 서있는 피난민 스케치 -버스에 오르는 피난민 스케치 -우크라이나 접경 지역 부감 스케치 -폴란드 프세미실 중앙역 분위기 스케치 -아나스타샤 인터뷰 -아나스타샤 가족 표 구매 및 대기 스케치 -무료 유심칩 및 음식 받는 우크라이나인들 스케치 -기차 들어오는 모습 및 나가는 모습 스케치 -기차에 타는 우크라이나인들 스케치","01:06:04:07","","LIVE 인제스트","아니오","","성공","성공","성공","원본영상-국제","","양의정","정리완료","","","","대기","요청없음","성공","미작성","아니오","아니오","HD","알수없음","","","2022-03-30","","수요일","0","없음","2022-03-16 03:44:47","","","","2022-03-16 03:44:47","","","대기","대기","2022-03-16 04:52:04","2022-03-16 04:53:13","2022-03-16 04:53:20","2022-03-16 04:53:20","","","","","2022-07-13 14:51:10","2022-07-13 14:53:18","대기","대기","","","","","None","","","","15193184","15193185","mamex\mamex","29.97","2022-03-16 03:44:47","","예","아니오","","","","대기",
"100","2022-03-14 18:24:36","2022-03-14","해외지국","20220314V52348","폴란_[폴란드 국경] 코르초바 국경검문소 인근 대형 마켓에 마련된 피난민 보호센터_수신본_김귀수","","조세준","-폴란드 -코르초바 국경검문소 인근 피난민 보호센터 스케치 -피난민 버스 타는 모습 스케치 -피난민 식사 스케치 -아이들 스케치 -가족 스케치","00:03:10:13","","LIVE 인제스트","아니오","","성공","성공","성공","원본영상-국제","","","미정리","","","","대기","요청없음","성공","미작성","아니오","아니오","HD","알수없음","","","2022-03-28","","월요일","0","없음","2022-03-14 18:19:07","","","","2022-03-14 18:19:07","","","대기","대기","2022-03-14 18:24:06","2022-03-14 18:24:39","2022-03-14 18:24:40","2022-03-14 18:24:40","","","","","2022-07-13 16:28:11","2022-07-13 16:28:24","대기","대기","","","","","None","","","","15186478","15186479","mamex\mamex","29.97","2022-03-14 18:19:07","","예","아니오","","","","대기",
"101","2022-03-14 18:20:44","2022-03-14","해외지국","20220314V52342","폴란드_[폴란드 국경] 코르초바 국경검문소_수신본_김귀수","","조세준","-폴란드 -코르초바 국경검문소 스케치","00:04:10:01","","LIVE 인제스트","아니오","","성공","성공","성공","원본영상-국제","","","미정리","","","","대기","요청없음","성공","미작성","아니오","아니오","HD","알수없음","","","2022-03-28","","월요일","0","없음","2022-03-14 18:13:57","","","","2022-03-14 18:13:57","","","대기","대기","2022-03-14 18:19:26","2022-03-14 18:20:47","2022-03-14 18:20:30","2022-03-14 18:20:30","","","","","2022-07-13 16:28:12","2022-07-13 16:28:22","대기","대기","","","","","None","","","","15186465","15186466","mamex\mamex","29.97","2022-03-14 18:13:57","","예","아니오","","","","대기",
"102","2022-03-14 18:15:37","2022-03-14","해외지국","20220314V52330","폴란드_[폴란드 국경] 메디카국경 중국계 아시아인들 자원봉사(파룬궁추정)_수신본","","조세준","-폴란드 -중국계 아시아 자원봉사자들이 세운 피난민 보호텐트 스케치 및 인터뷰","00:06:52:22","","LIVE 인제스트","아니오","","성공","성공","성공","원본영상-국제","","","미정리","","","","대기","요청없음","성공","미작성","아니오","아니오","HD","알수없음","","","2022-03-28","","월요일","0","없음","2022-03-14 18:06:18","","","","2022-03-14 18:06:18","","","대기","대기","2022-03-14 18:14:22","2022-03-14 18:15:39","2022-03-14 18:15:40","2022-03-14 18:15:40","","","","","2022-07-13 16:28:13","2022-07-13 16:28:28","대기","대기","","","","","None","","","","15186439","15186440","mamex\mamex","29.97","2022-03-14 18:06:18","","예","아니오","","","","대기",
"103","2022-03-14 18:06:46","2022-03-14","해외지국","20220314V52272","폴란드_[폴란드 국경] 메디카국경내 피아노치는 연주가_수신본","","조세준","-폴란드 -피난민을 위로하기 위해 연주하는 이스라엘 피아니스트 스케치 및 녹취(음악싱크 채널1,2)","00:20:47:18","","LIVE 인제스트","아니오","","성공","성공","성공","원본영상-국제","","","미정리","","","","대기","요청없음","성공","미작성","아니오","아니오","HD","알수없음","","","2022-03-28","","월요일","0","없음","2022-03-14 17:44:00","","","","2022-03-14 17:44:00","","","대기","대기","2022-03-14 18:05:36","2022-03-14 18:06:49","2022-03-14 18:06:49","2022-03-14 18:06:49","","","","","2022-07-13 16:28:13","2022-07-13 16:28:44","대기","대기","","","","","None","","","","15186309","15186310","mamex\mamex","29.97","2022-03-14 17:44:00","","예","아니오","","","","대기",
"104","2022-03-14 17:45:01","2022-03-14","해외지국","20220314V52262","폴란드_[폴란드 국경] 메디카국경내 프랑스 용병 추정 스케치_수신본_김귀수","","조세준","-폴란드 -프랑스 용병으로 추정되는 군인들 스케치 및 인터뷰","00:01:42:07","","LIVE 인제스트","아니오","","성공","성공","성공","원본영상-국제","","","미정리","","","","대기","요청없음","성공","미작성","아니오","아니오","HD","알수없음","","","2022-03-28","","월요일","0","없음","2022-03-14 17:41:15","","","","2022-03-14 17:41:15","","","대기","대기","2022-03-14 17:44:41","2022-03-14 17:45:04","2022-03-14 17:44:56","2022-03-14 17:44:56","","","","","2022-07-13 16:28:14","2022-07-13 16:28:20","대기","대기","","","","","None","","","","15186288","15186289","mamex\mamex","29.97","2022-03-14 17:41:15","","예","아니오","","","","대기",
"105","2022-03-12 00:10:45","2022-03-12","해외지국","20220312V48598","폴란드_조빛나_[폴란드 국경] 조빛나 기자 영상통화_수신본","조빛나","김재현","-영상통화 하는 모습 스케치","00:02:18:14","","LIVE 인제스트","아니오","","성공","성공","성공","원본영상-국제","","","미정리","","","","대기","요청없음","대기","미작성","아니오","아니오","HD","알수없음","","","2022-03-26","","토요일","0","없음","2022-03-12 00:06:07","","","","2022-03-12 00:06:07","","","대기","대기","2022-03-12 00:10:19","2022-03-12 00:10:49","2022-03-12 00:10:49","2022-03-12 00:10:49","","","","","","","대기","대기","","","","","None","","","","15178206","15178207","mamex\mamex","29.97","2022-03-12 00:06:07","","아니오","아니오","","","","대기",
"106","2022-03-11 22:17:21","2022-03-11","해외지국","20220311V48479","폴란드_[폴란드 국경] 코르쵸바 국경검문소를 넘어 피난온 교민 두 분(정천식, 현아) 0311_수신본","김귀수","조세준","-코르쵸바 검문소 지나 7킬로 떨어진 곳 휴게주차장에 대사관 차량타고 피난오는 모습 -다른 차량으로 짐옮기는 모습 -딸(현아)만 한국으로 피난보내 생이별 하는 모녀 스케치 -모녀인터뷰 -어머니 (올가) 다시 우크라이나로 돌아가는 차량 스케치 -생사고락 끝 피난온 정천식씨 모습 스케치 -정씨 인터뷰 -얼굴 및 손 상처 스케치 -교민 두 분 (정씨, 현아) 한국행 비행기타러 떠나는 차량스케치","00:23:54:21","","LIVE 인제스트","아니오","","성공","성공","성공","원본영상-국제","","","미정리","","","","대기","요청없음","성공","미작성","아니오","아니오","HD","알수없음","","","2022-03-25","","금요일","0","없음","2022-03-11 21:51:05","","","","2022-03-11 21:51:05","","","대기","대기","2022-03-11 22:15:46","2022-03-11 22:17:24","2022-03-11 22:17:25","2022-03-11 22:17:25","","","","","2022-07-13 16:26:07","2022-07-13 16:26:42","대기","대기","","","","","None","","","","15177968","15177969","mamex\mamex","29.97","2022-03-11 21:51:05","","예","아니오","","","","대기",
"107","2022-03-11 22:10:10","2022-03-11","해외지국","20220311V48462","폴란드_[폴란드 국경] 메디카국경 피난민 아이들 모습 0310_수신본_김귀수","김귀수","조세준","-메디카 국경으로 넘어오는 피난민 아이들 각종 표정 스케치 -울고 웃고 인형 고르고 사탕 받는 아이들의 다양한 모습 이펙트성 소리와 스케치","00:08:01:26","","LIVE 인제스트","아니오","","성공","성공","성공","원본영상-국제","","","미정리","","","","대기","요청없음","성공","미작성","아니오","아니오","HD","알수없음","","","2022-03-25","","금요일","0","없음","2022-03-11 21:42:52","","","","2022-03-11 21:42:52","","","대기","대기","2022-03-11 21:52:48","2022-03-11 22:10:13","2022-03-11 21:53:18","2022-03-11 21:53:18","","","","","2022-07-13 16:26:09","2022-07-13 16:26:26","대기","대기","","","","","None","","","","15177925","15177926","mamex\mamex","29.97","2022-03-11 21:42:52","","예","아니오","","","","대기",
"108","2022-03-10 04:03:51","2022-03-10","해외지국","20220310V44493","폴란드 국경_메디카검문소, 코스코 스케치_수신본","김귀수","김재현","-폴란드 -눈오는 프세미실 마을 스케치 -메디카 검문소 난민들 스케치 -자원봉사자들 모습 스케치 -코스코 난민 쉼터 스케치 -Dolhobyczow 국경 스케치","00:33:39:12","","LIVE 인제스트","아니오","","성공","성공","성공","원본영상-국제","","","미정리","","","","대기","요청없음","성공","미작성","아니오","아니오","HD","알수없음","","","2022-03-24","","목요일","0","없음","2022-03-10 03:27:51","","","","2022-03-10 03:27:51","","","대기","대기","2022-03-10 04:02:16","2022-03-10 04:03:51","2022-03-10 04:03:56","2022-03-10 04:03:56","","","","","2022-07-13 16:23:29","2022-07-13 16:24:18","대기","대기","","","","","None","","","","15169148","15169149","mamex\mamex","29.97","2022-03-10 03:27:51","","예","아니오","","","","대기",
"109","2022-03-10 02:24:15","2022-03-07","해외지국","20220310V44181","폴란드 국경_프세미실 중앙 기차역 플랫폼 피난민과 처량한 강아지 애견들_수신본","김귀수","조세준","-폴란드 -프세미실 기차역 플랫폼에서 기차 타려는 피난민들 및 처량한 강아지들(애견) 모습 스케치","00:03:30:02","","LIVE 인제스트","아니오","","성공","성공","성공","원본영상-국제","","","미정리","","","","대기","요청없음","성공","미작성","아니오","아니오","HD","알수없음","","","2022-03-24","","목요일","0","없음","2022-03-10 02:17:00","","","","2022-03-10 02:17:00","","","대기","대기","2022-03-10 02:22:18","2022-03-10 02:24:15","2022-03-10 02:22:51","2022-03-10 02:22:51","","","","","2022-07-13 16:23:31","2022-07-13 16:23:41","대기","대기","","","","","None","","","","15168520","15168521","mamex\mamex","29.97","2022-03-10 02:17:00","","예","아니오","","","","대기",
"110","2022-03-10 02:24:08","2022-03-09","해외지국","20220310V44099","폴란드 국경_메디카 국경내 피난민 행렬 속 아이들 및 강아지, 테스코 피난민 쉼터 오가는 피난민_수신본","김귀수","조세준","-폴란드 -메디카 국경내 눈보라속 피난민 행렬 스케치 -여행가방 및 손짐들 스케치 -천진난만한 피난민 아이들 모습 스케치 -같이 국경건너는 개들 스케치 -무료 애견사료 스케치 -다자녀 가족의 아이들 스케치 및 인터뷰 -테스코 피난민 쉼터 오가는 피난민 스케치 -버스타는 모습 스케치","00:17:06:11","","LIVE 인제스트","아니오","","성공","성공","성공","원본영상-국제","","","미정리","","","","대기","요청없음","성공","미작성","아니오","아니오","HD","알수없음","","","2022-03-24","","목요일","0","없음","2022-03-10 01:59:33","","","","2022-03-10 01:59:33","","","대기","대기","2022-03-10 02:17:27","2022-03-10 02:24:08","2022-03-10 02:19:07","2022-03-10 02:19:07","","","","","2022-07-13 16:23:32","2022-07-13 16:24:03","대기","대기","","","","","None","","","","15168356","15168357","mamex\mamex","29.97","2022-03-10 01:59:33","","예","아니오","","","","대기",
"111","2022-03-10 02:24:03","2022-03-08","해외지국","20220310V44048","폴란드 국경_세레다 가족-바르토 가족 스케치 및 인터뷰_수신본","김귀수","조세준 ","-폴란드 -우크라이나 피난민 세레다 가족, 바르토씨네 가족 담소 스케치 -세레다 가족 침실 스케치 -세레다 가족 인터뷰 -바르토씨 인터뷰","00:32:40:29","","LIVE 인제스트","아니오","","성공","성공","성공","원본영상-국제","","","미정리","","","","대기","요청없음","성공","미작성","아니오","아니오","HD","알수없음","","","2022-03-24","","목요일","0","없음","2022-03-10 01:26:17","","","","2022-03-10 01:26:17","","","대기","대기","2022-03-10 02:00:33","2022-03-10 02:24:03","2022-03-10 02:01:24","2022-03-10 02:01:24","","","","","2022-07-13 16:23:32","2022-07-13 16:24:21","대기","대기","","","","","None","","","","15168255","15168256","mamex\mamex","29.97","2022-03-10 01:26:17","","예","아니오","","","","대기",
"112","2022-03-08 07:46:22","2022-03-08","해외지국","20220308V40774","폴란드_김귀수_비탈리 김 주지사 화상 인터뷰 01_20220308_수신본","김귀수","김재현","","00:02:29:16","","LIVE 인제스트","아니오","","성공","성공","성공","원본영상-국제","","","미정리","","","","대기","요청없음","대기","미작성","아니오","아니오","HD","알수없음","","","2022-03-22","","화요일","0","없음","2022-03-08 07:41:27","","","","2022-03-08 07:41:27","","","대기","대기","2022-03-08 07:45:51","2022-03-08 07:46:23","2022-03-08 07:46:23","2022-03-08 07:46:23","","","","","","","대기","대기","","","","","None","","","","15161120","15161121","mamex\mamex","29.97","2022-03-08 07:41:27","","아니오","아니오","","","","대기",
"113","2022-03-08 01:26:54","2022-03-08","해외지국","20220308V40304","폴란드_난민 돕는 폴란드 시민들 0307_수신본","김귀수","김재현","","00:32:36:07","","LIVE 인제스트","아니오","","성공","성공","성공","원본영상-국제","","이현모","정리완료","","","","대기","요청없음","성공","작성완료","아니오","아니오","HD","알수없음","","","2022-03-22","","화요일","0","없음","2022-03-08 00:51:51","","","","2022-03-08 00:51:51","","","대기","대기","2022-03-08 01:25:43","2022-03-08 01:26:58","2022-03-08 01:27:01","2022-03-08 01:27:01","","","","","2022-07-13 16:21:08","2022-07-13 16:22:07","대기","대기","","","","","None","","","","15160145","15160146","mamex\mamex","29.97","2022-03-08 00:51:51","","예","아니오","","","","성공",
"114","2022-03-08 00:52:28","2022-03-08","해외지국","20220308V40302","폴란드_프세미실 중앙역 스케치 0307_수신본_김귀수","김귀수","조세준","-난민 스케치","00:03:13:23","","LIVE 인제스트","아니오","","성공","성공","성공","원본영상-국제","","이현모","정리완료","","","","대기","요청없음","성공","미작성","아니오","아니오","HD","알수없음","","","2022-03-22","","화요일","0","없음","2022-03-08 00:47:16","","","","2022-03-08 00:47:16","","","대기","대기","2022-03-08 00:52:15","2022-03-08 00:52:31","2022-03-08 00:52:32","2022-03-08 00:52:32","","","","","2022-07-13 16:21:08","2022-07-13 16:21:15","대기","대기","","","","","None","","","","15160141","15160142","mamex\mamex","29.97","2022-03-08 00:47:16","","예","아니오","","","","대기",
"115","2022-03-06 18:37:04","2022-03-06","해외지국","20220306V37816","폴란드_국경 해움 자모스크_수신본","조빛나","조세준","-폴란드 -폴란드 해움 도심 스케치 -폴란드 시민 인터뷰 -폴란드 자모스크 주둔 미군부대 스케치 -해움 난민센터 스케치","00:09:53:03","","LIVE 인제스트","아니오","","성공","성공","성공","원본영상-국제","","","정리완료","","","","대기","요청없음","성공","미작성","아니오","아니오","HD","알수없음","","","2022-03-20","","일요일","0","없음","2022-03-06 18:24:44","","","","2022-03-06 18:24:44","","","대기","대기","2022-03-06 18:35:51","2022-03-06 18:37:06","2022-03-06 18:37:08","2022-03-06 18:37:08","","","","","2022-07-13 16:18:20","2022-07-13 16:18:38","대기","대기","","","","","None","","","","15154539","15154540","mamex\mamex","29.97","2022-03-06 18:24:44","","예","아니오","","","","대기",
"116","2022-03-06 01:04:31","2022-03-06","해외지국","20220306V36884","폴란드_국경 메디카 검문소 스케치_MNG_수신본","조빛나","김재현","-프세미실 중앙역 스케치 -메디카 검문소 스케치 -우크라이나 시민 인터뷰","00:14:44:18","","LIVE 인제스트","아니오","","성공","성공","성공","원본영상-국제","","","미정리","","","","대기","요청없음","성공","미작성","아니오","아니오","HD","알수없음","","","2022-03-20","","일요일","0","없음","2022-03-06 00:47:48","","","","2022-03-06 00:47:48","","","대기","대기","2022-03-06 01:03:46","2022-03-06 01:04:35","2022-03-06 01:04:37","2022-03-06 01:04:37","","","","","2022-07-13 15:58:10","2022-07-13 15:58:37","대기","대기","","","","","None","","","","15152407","15152408","mamex\mamex","29.97","2022-03-06 00:47:48","","예","아니오","","","","대기",
"117","2022-03-05 19:26:32","2022-03-05","해외지국","20220305V36528","폴란드_국경 우크라이나 피난민_수신본","조빛나","조세준","-국경 넘어오는 우크라이나 피난민 스케치 -폴란드 피난 센터 수송 셔틀 버스 스케치 -덴마크 장관 고위급 인사 현장 방문 스케치","00:04:47:07","","LIVE 인제스트","아니오","","성공","성공","성공","원본영상-국제",""," ","미정리","","","","대기","요청없음","성공","미작성","아니오","아니오","HD","알수없음","","","2022-03-19","","토요일","0","없음","2022-03-05 19:19:24","","","","2022-03-05 19:19:24","","","대기","대기","2022-03-05 19:25:23","2022-03-05 19:26:34","2022-03-05 19:26:35","2022-03-05 19:26:35","","","","","2022-07-13 15:56:44","2022-07-13 15:56:55","대기","대기","","","","","None","","","","15151539","15151540","mamex\mamex","29.97","2022-03-05 19:19:24","","예","아니오","","","","대기",
"118","2022-03-05 03:20:04","2022-03-05","해외지국","20220305V35517","폴란드 헤움 도심 취재_MNG_수신본","조빛나","조세준","-폴란드 -조빛나 취재기자 온마이크 -헤움 도심 스케치 -피난민 센터 스케치 -미군 부대 스케치","00:16:32:17","","LIVE 인제스트","아니오","","성공","성공","성공","원본영상-국제","","","미정리","","","","대기","요청없음","성공","미작성","아니오","아니오","HD","알수없음","","","2022-03-19","","토요일","0","없음","2022-03-05 03:01:09","","","","2022-03-05 03:01:09","","","대기","대기","2022-03-05 03:18:52","2022-03-05 03:20:04","2022-03-05 03:20:05","2022-03-05 03:20:05","","","","","2022-07-13 15:56:44","2022-07-13 15:57:12","대기","대기","","","","","None","","","","15149261","15149262","mamex\mamex","29.97","2022-03-05 03:01:09","","예","아니오","","","","대기",
"119","2022-03-04 04:37:46","2022-03-04","해외지국","20220304V33325","폴란드_헤움 도심 스케치 및 시민 인터뷰_수신본","조빛나","조세준","-조빛나 취재기자 온마이크 -헤움 도심 스케치 -시민 인터뷰","00:17:41:02","","LIVE 인제스트","아니오","","성공","성공","성공","원본영상-국제","","이현모","정리완료","","","","대기","요청없음","성공","미작성","아니오","아니오","HD","알수없음","","","2022-03-18","","금요일","0","없음","2022-03-04 04:18:07","","","","2022-03-04 04:18:07","","","대기","대기","2022-03-04 04:36:58","2022-03-04 04:37:46","2022-03-04 04:37:47","2022-03-04 04:37:47","","","","","2022-07-13 15:56:45","2022-07-13 15:57:17","대기","대기","","","","","None","","","","15144212","15144213","","29.97","2022-03-04 04:18:07","","예","아니오","","","","대기",
"120","2022-03-02 19:13:52","2022-03-02","해외지국","20220302V30215","폴란드_조빛나_화상 인터뷰_MNG_수신본","","","","00:01:41:20","","LIVE 인제스트","아니오","","성공","성공","성공","원본영상-국제","","","미정리","","","","대기","요청없음","대기","미작성","아니오","아니오","HD","알수없음","","","2022-03-16","","수요일","0","없음","2022-03-02 19:09:50","","","","2022-03-02 19:09:50","","","대기","대기","2022-03-02 19:13:21","2022-03-02 19:13:55","2022-03-02 19:13:55","2022-03-02 19:13:55","","","","","","","대기","대기","","","","","None","","","","15137468","15137469","mamex\mamex","29.97","2022-03-02 19:09:50","","아니오","아니오","","","","대기",
"121","2022-03-02 16:57:16","2022-03-02","해외지국","20220302V29919","폴란드_폴란드 국경 우크라이나 분쟁 취재_MNG_수신본_조빛나","조빛나","조세준 김재현","-프세미실 중앙역 난민 스케치 -조빛나 취재기자 온마이크 -시청 앞 광장 스케치 -한인기업 구호물품 전달 스케치 -폴란드 시민 인터뷰","00:17:09:00","","LIVE 인제스트","아니오","","성공","성공","성공","원본영상-국제","","이현모","정리완료","","","","대기","요청없음","성공","미작성","아니오","아니오","HD","알수없음","","","2022-03-16","","수요일","0","없음","2022-03-02 16:37:43","","","","2022-03-02 16:37:43","","","대기","대기","2022-03-02 16:56:05","2022-03-02 16:57:18","2022-03-02 16:57:19","2022-03-02 16:57:19","","","","","2022-07-13 15:55:12","2022-07-13 15:55:44","대기","대기","","","","","None","","","","15136756","15136757","mamex\mamex","29.97","2022-03-02 16:37:43","","예","아니오","","","","대기",
"122","2022-03-01 18:04:35","2022-03-01","해외지국","20220301V28013","폴란드 프세미실 중앙역 스케치_수신본","조빛나","조세준 김재현","","00:07:08:11","","LIVE 인제스트","아니오","","성공","성공","성공","원본영상-국제","","이현모","정리완료","","","","대기","요청없음","성공","미작성","아니오","아니오","HD","알수없음","","","2022-03-15","","화요일","0","없음","2022-03-01 17:55:06","","","","2022-03-01 17:55:06","","","대기","대기","2022-03-01 18:03:00","2022-03-01 18:04:37","2022-03-01 18:04:38","2022-03-01 18:04:38","","","","","2022-07-13 15:52:23","2022-07-13 15:52:38","대기","대기","","","","","None","","","","15132558","15132559","mamex\mamex","29.97","2022-03-01 17:55:06","","예","아니오","","","","대기",
"123","2022-03-01 05:18:03","2022-03-01","해외지국","20220301V27347","폴란드_폴란드 국경 우크라이나 분쟁 취재_난민 보호소 스케치 프세미실 중앙역 스케치MNG_수신본_조빛나","조빛나","조세준 김재현","-난민 보호소 스케치 -생필품 지급 스케치 -난민 인터뷰 -화상 인터뷰 스케치 -프세미실 중앙역 스케치","00:23:28:03","","LIVE 인제스트","아니오","","성공","성공","성공","원본영상-국제","","","미정리","","","","대기","요청없음","성공","미작성","아니오","아니오","HD","알수없음","","","2022-03-15","","화요일","0","없음","2022-03-01 04:52:12","","","","2022-03-01 04:52:12","","","대기","대기","2022-03-01 05:16:28","2022-03-01 05:18:04","2022-03-01 05:18:06","2022-03-01 05:18:06","","","","","2022-07-13 15:52:25","2022-07-13 15:52:59","대기","대기","","","","","None","","","","15130960","15130961","mamex\mamex","29.97","2022-03-01 04:52:12","","예","아니오","","","","대기",
"124","2022-03-01 01:58:23","2022-03-01","해외지국","20220301V26992","파리_유원중_MWC 2022 바로셀로나_수신본","","","","00:49:22:27","","LIVE 인제스트","아니오","","성공","성공","성공","원본영상-국제","","","미정리","","","","대기","요청없음","대기","미작성","아니오","아니오","HD","알수없음","","","2022-03-15","","화요일","0","없음","2022-03-01 01:06:36","","","","2022-03-01 01:06:36","","","대기","대기","2022-03-01 01:56:51","2022-03-01 01:58:27","2022-03-01 01:58:33","2022-03-01 01:58:33","","","","","","","대기","대기","","","","","None","","","","15130250","15130251","mamex\mamex","29.97","2022-03-01 01:06:36","","아니오","아니오","","","","대기",
"125","2022-02-28 18:40:08","2022-02-28","해외지국","20220228V26414","폴란드 국경 회담전 피난민 생필품 지급 스케치_MNG_수신본","","","-난민 보호소 스케치 -생필품 지급 스케치 -난민 인터뷰","00:19:39:06","","LIVE 인제스트","아니오","","성공","성공","성공","원본영상-국제","","","미정리","","","","대기","요청없음","성공","미작성","아니오","아니오","HD","알수없음","","","2022-03-14","","월요일","0","없음","2022-02-28 18:17:51","","","","2022-02-28 18:17:51","","","대기","대기","2022-02-28 18:38:17","2022-02-28 18:40:11","2022-02-28 18:39:55","2022-02-28 18:39:55","","","","","2022-07-13 15:49:27","2022-07-13 15:50:01","대기","대기","","","","","None","","","","15128960","15128961","mamex\mamex","29.97","2022-02-28 18:17:51","","예","아니오","","","","대기",
"126","2022-02-28 07:24:16","2022-02-28","해외지국","20220228V25147","폴란드-폴란드 바르샤바 공항 외경 스케치등 우크라이나 출장_MNG_수신본","조빛나","조세준 김재현","-폴란드 바르샤바 공항 외경 스케치 -폴란드 항공사 관계자 녹취 -렌터카 업체 녹취 및 스케치 -폴란드 주유소 스케치 -줄서서 기다리는 시민 인터뷰 -난민캠프 스케치","00:20:31:29","","LIVE 인제스트","아니오","","성공","성공","성공","원본영상-국제","","","미정리","","","","대기","요청없음","성공","미작성","아니오","아니오","HD","알수없음","","","2022-03-14","","월요일","0","없음","2022-02-28 07:01:22","","","","2022-02-28 07:01:22","","","대기","대기","2022-02-28 07:23:07","2022-02-28 07:24:17","2022-02-28 07:24:19","2022-02-28 07:24:19","","","","","2022-07-13 15:49:27","2022-07-13 15:50:05","대기","대기","","","","","None","","","","15126051","15126052","mamex\mamex","29.97","2022-02-28 07:01:22","","예","아니오","","","","대기",
"127","2022-02-26 17:47:59","2022-02-26","해외지국","20220226V23261","베를린_폴란드 국경 메디카 국경 임시 수용소 외경 스케치_수신본","","","","00:16:13:13","","LIVE 인제스트","아니오","","성공","성공","성공","원본영상-국제","","","미정리","","","","대기","요청없음","성공","미작성","아니오","아니오","HD","알수없음","","","2022-03-12","","토요일","0","없음","2022-02-26 17:29:24","","","","2022-02-26 17:29:24","","","대기","대기","2022-02-26 17:46:25","2022-02-26 17:48:01","2022-02-26 17:48:03","2022-02-26 17:48:03","","","","","2022-07-13 14:58:00","2022-07-13 14:58:39","대기","대기","","","","","None","","","","15121819","15121820","mamex\mamex","29.97","2022-02-26 17:29:24","","예","아니오","","","","대기",
"128","2022-02-24 20:06:41","2022-02-24","해외지국","20220224V19727","베를린_메디카 국경검문소 스케치_수신본","","","","00:07:03:21","","LIVE 인제스트","아니오","","성공","성공","성공","원본영상-국제","","","미정리","","","","대기","요청없음","성공","미작성","아니오","아니오","HD","알수없음","","","2022-03-10","","목요일","0","없음","2022-02-24 19:34:41","","","","2022-02-24 19:34:41","","","대기","대기","2022-02-24 19:42:32","2022-02-24 20:06:44","2022-02-24 19:44:09","2022-02-24 19:44:09","","","","","2022-07-13 13:22:06","2022-07-13 13:22:23","대기","대기","","","","","None","","","","15113910","15113911","mamex\mamex","29.97","2022-02-24 19:34:41","","예","아니오","","","","대기",
"129","2022-02-24 00:47:34","2022-02-24","해외지국","20220224V17818","워싱턴_제 20대 대통령 재외선거 주미국대사관 재외투표_수신본","","오범석","-투표 스케치","00:05:03:03","","LIVE 인제스트","아니오","","성공","성공","성공","원본영상-국제","","정재숙","정리완료","","","","대기","요청없음","성공","미작성","아니오","아니오","HD","알수없음","","","2022-03-10","","목요일","0","없음","2022-02-24 00:40:13","","","","2022-02-24 00:40:13","","","대기","대기","2022-02-24 00:46:02","2022-02-24 00:47:38","2022-02-24 00:47:39","2022-02-24 00:47:39","","","","","2022-07-13 13:18:52","2022-07-13 13:19:04","대기","대기","","","","","None","","","","15109762","15109763","mamex\mamex","29.97","2022-02-24 00:40:13","","예","아니오","","","","대기",
"130","2022-02-23 02:11:47","2022-02-23","해외지국","20220223V15643","파리_유원중_정의용 외교부 장관 유네스코 사무총장 회담_수신본","","","","00:03:10:11","","LIVE 인제스트","아니오","","성공","성공","성공","원본영상-국제","","","정리완료","","","","대기","요청없음","성공","미작성","아니오","아니오","HD","알수없음","","","2022-03-09","","수요일","0","없음","2022-02-23 02:06:17","","","","2022-02-23 02:06:17","","","대기","대기","2022-02-23 02:11:14","2022-02-23 02:11:47","2022-02-23 02:11:48","2022-02-23 02:11:48","","","","","2022-07-13 13:17:04","2022-07-13 13:17:11","대기","대기","","","","","None","","","","15104936","15104937","mamex\mamex","29.97","2022-02-23 02:06:17","","예","아니오","","","","대기",
"131","2022-02-16 18:40:14","2022-02-16","해외지국","20220216V04098","폴란드_포르쵸바 국경 검문소 스케치_수신본","","","","00:06:05:02","","LIVE 인제스트","아니오","","성공","성공","성공","원본영상-국제","","양의정","정리완료","","","","대기","요청없음","성공","미작성","아니오","아니오","HD","알수없음","","","2022-03-02","","수요일","0","없음","2022-02-16 18:31:48","","","","2022-02-16 18:31:48","","","대기","대기","2022-02-16 18:38:43","2022-02-16 18:40:17","2022-02-16 18:40:17","2022-02-16 18:40:17","","","","","2022-07-13 13:12:40","2022-07-13 13:12:53","대기","대기","","","","","None","","","","15079462","15079463","mamex\mamex","29.97","2022-02-16 18:31:48","","예","아니오","","","","대기",
"132","2022-02-16 06:11:47","2022-02-16","해외지국","20220216V03024","폴란드_폴란드 우크라이나 국경 야간_수신본","","","","00:07:25:05","","LIVE 인제스트","아니오","","성공","성공","성공","원본영상-국제","","양의정","정리완료","","","","대기","요청없음","성공","미작성","아니오","아니오","HD","알수없음","","","2022-03-02","","수요일","0","없음","2022-02-16 06:02:01","","","","2022-02-16 06:02:01","","","대기","대기","2022-02-16 06:10:36","2022-02-16 06:11:48","2022-02-16 06:11:48","2022-02-16 06:11:48","","","","","2022-07-13 13:12:08","2022-07-13 13:12:26","대기","대기","","","","","None","","","","15077077","15077078","mamex\mamex","29.97","2022-02-16 06:02:01","","예","아니오","","","","대기",
"133","2022-02-15 05:32:27","2022-02-15","해외지국","20220215V00855","폴란드_바르샤바공항 스케치_수신본","","","","00:08:04:14","","LIVE 인제스트","아니오","","성공","성공","성공","원본영상-국제","","양의정","정리완료","","","","대기","요청없음","성공","미작성","아니오","아니오","HD","알수없음","","","2022-03-01","","화요일","0","없음","2022-02-15 05:22:26","","","","2022-02-15 05:22:26","","","대기","대기","2022-02-15 05:31:41","2022-02-15 05:32:28","2022-02-15 05:32:31","2022-02-15 05:32:31","","","","","2022-07-13 13:09:32","2022-07-13 13:09:45","대기","대기","","","","","None","","","","15072288","15072289","mamex\mamex","29.97","2022-02-15 05:22:26","","예","아니오","","","","대기",
"134","2022-02-06 11:57:19","2022-02-06","해외지국","20220206V84814","베이징_박병석 국회의장 베이징 특파원단 화상 간담회_수신본","김민성","이창준","","00:40:18:12","","LIVE 인제스트","아니오","","성공","성공","성공","원본영상-국제","","","미정리","","","","대기","요청없음","성공","미작성","아니오","아니오","HD","알수없음","","","2022-02-20","","일요일","0","없음","2022-02-06 10:58:18","","","","2022-02-06 10:58:18","","","대기","대기","2022-02-06 11:39:25","2022-02-06 11:57:20","2022-02-06 11:41:01","2022-02-06 11:41:01","","","","","2022-07-13 13:08:54","2022-07-13 13:09:43","대기","대기","","","","","None","","","","15036747","15036748","mamex\mamex","29.97","2022-02-06 10:58:18","","예","아니오","","","","대기",